<DATE>;<TIME>;<CLOSE>
20230109;7:45;18.8800000
20230109;8:00;18.8000000
20230109;8:30;18.7500000
20230109;9:00;18.2775000
20230109;9:15;18.2775000
20230109;10:00;18.2775000
20230109;10:15;18.5700000
20230109;10:30;18.5275000
20230109;10:45;18.2000000
20230109;11:00;18.4700000
20230109;11:15;18.1800000
20230109;11:30;18.1800000
20230109;11:45;18.4900000
20230109;12:00;18.4900000
20230109;12:15;18.3500000
20230109;12:30;18.1500000
20230109;12:45;18.1700000
20230109;13:00;18.0050000
20230109;13:15;18.1700000
20230109;13:30;17.9300000
20230109;13:45;17.8200000
20230109;14:15;17.9300000
20230109;14:30;17.9300000
20230109;14:45;17.9450000
20230109;15:00;17.9450000
20230109;15:15;17.9450000
20230109;15:30;17.9450000
20230109;15:45;17.9450000
20230109;16:00;17.9300000
20230109;16:15;17.8425000
20230109;16:45;17.9500000
20230109;17:00;17.9100000
20230109;17:15;18.1400000
20230109;17:45;18.0000000
20230109;18:00;18.1000000
20230109;18:30;18.0850000
20230109;18:45;18.0850000
20230109;19:00;17.9025000
20230110;7:15;18.4900000
20230110;7:30;17.9025000
20230110;9:00;18.2900000
20230110;9:30;17.9025000
20230110;9:45;18.0900000
20230110;10:00;17.9025000
20230110;10:15;17.5025000
20230110;10:30;17.1000000
20230110;10:45;17.1000000
20230110;11:00;17.0000000
20230110;11:15;16.9025000
20230110;11:30;16.8500000
20230110;11:45;17.1525000
20230110;12:00;16.9975000
20230110;12:15;16.7000000
20230110;12:30;17.1600000
20230110;12:45;17.2000000
20230110;13:00;17.5825000
20230110;13:15;16.8125000
20230110;13:30;17.0025000
20230110;13:45;17.0000000
20230110;14:00;17.0000000
20230110;14:15;16.9975000
20230110;14:30;17.1975000
20230110;14:45;17.1000000
20230110;15:00;17.1000000
20230110;15:15;17.1000000
20230110;15:30;17.1000000
20230110;15:45;17.1000000
20230110;16:00;17.1000000
20230110;16:15;17.1000000
20230110;16:30;17.1000000
20230110;16:45;17.1000000
20230110;17:00;17.1000000
20230110;17:15;17.1975000
20230110;17:30;17.1975000
20230110;18:30;17.1975000
20230110;19:00;17.3600000
20230111;7:15;17.6000000
20230111;7:45;17.5700000
20230111;8:30;17.5700000
20230111;8:45;17.5700000
20230111;9:00;17.5875000
20230111;9:15;17.5875000
20230111;9:30;17.0225000
20230111;9:45;17.5850000
20230111;10:15;17.0000000
20230111;10:30;17.0000000
20230111;10:45;17.0000000
20230111;11:00;17.0000000
20230111;11:30;17.0000000
20230111;11:45;17.1500000
20230111;12:00;17.1500000
20230111;12:15;17.0900000
20230111;12:30;16.8125000
20230111;12:45;17.1475000
20230111;13:00;16.8200000
20230111;13:30;17.1175000
20230111;13:45;16.8300000
20230111;14:00;17.1125000
20230111;14:15;17.1075000
20230111;14:30;17.1000000
20230111;14:45;17.0000000
20230111;15:15;16.8300000
20230111;15:30;16.8300000
20230111;15:45;16.9975000
20230111;16:00;16.9975000
20230111;16:45;16.9975000
20230111;17:15;16.8325000
20230111;18:00;16.9975000
20230111;18:15;16.9975000
20230111;18:30;16.9900000
20230111;18:45;16.9900000
20230112;7:45;16.8125000
20230112;8:15;16.9900000
20230112;8:30;16.9900000
20230112;9:15;16.5000000
20230112;9:45;16.5000000
20230112;10:15;16.7025000
20230112;10:30;16.7000000
20230112;10:45;16.7000000
20230112;11:00;16.9750000
20230112;11:15;16.9375000
20230112;11:30;16.8425000
20230112;11:45;16.9600000
20230112;12:00;16.9725000
20230112;12:15;16.9750000
20230112;12:45;16.9475000
20230112;13:15;17.2000000
20230112;13:30;17.1800000
20230112;13:45;17.1475000
20230112;14:00;17.1475000
20230112;14:15;17.1500000
20230112;14:30;17.1400000
20230112;15:30;17.1300000
20230112;15:45;17.0500000
20230112;16:00;17.1000000
20230112;16:15;17.1300000
20230112;16:30;17.1000000
20230112;17:00;17.1000000
20230112;17:15;17.0525000
20230112;17:30;16.9075000
20230112;17:45;16.9125000
20230112;18:00;16.9225000
20230112;18:15;16.9125000
20230112;19:00;16.9100000
20230113;7:45;16.7000000
20230113;8:15;17.0950000
20230113;8:45;17.0950000
20230113;9:00;17.0950000
20230113;9:15;17.1000000
20230113;9:30;17.1000000
20230113;9:45;17.1000000
20230113;10:15;17.0975000
20230113;10:30;16.8100000
20230113;10:45;16.8300000
20230113;11:30;16.8300000
20230113;11:45;16.8300000
20230113;12:00;16.8300000
20230113;12:45;17.0675000
20230113;13:00;17.0575000
20230113;13:45;16.9900000
20230113;14:00;16.9900000
20230113;14:15;16.8325000
20230113;14:30;17.0000000
20230113;14:45;17.0600000
20230113;15:15;17.0600000
20230113;15:30;17.0600000
20230113;16:00;17.0600000
20230113;16:15;17.0600000
20230113;16:30;17.1000000
20230113;16:45;17.1000000
20230113;17:00;17.3000000
20230113;17:15;17.5000000
20230113;17:30;17.3000000
20230113;17:45;17.1225000
20230113;18:00;17.2975000
20230113;19:00;17.1200000
20230116;7:15;17.8700000
20230116;7:30;17.0400000
20230116;8:30;17.5000000
20230116;8:45;17.1300000
20230116;9:15;17.5000000
20230116;9:30;17.5000000
20230116;9:45;17.1300000
20230116;10:00;17.5000000
20230116;10:30;17.1750000
20230116;10:45;17.4975000
20230116;11:00;17.1750000
20230116;11:15;17.1675000
20230116;11:45;17.1575000
20230116;12:30;17.1400000
20230116;12:45;17.1375000
20230116;13:00;17.0000000
20230116;13:15;17.1500000
20230116;13:30;17.0525000
20230116;14:00;17.0000000
20230116;14:30;17.0000000
20230116;14:45;17.1375000
20230116;15:00;17.0000000
20230116;15:15;16.9650000
20230116;15:30;17.0000000
20230116;16:00;17.1350000
20230116;16:15;17.0050000
20230116;16:30;17.0000000
20230116;16:45;17.0000000
20230116;17:45;17.0000000
20230116;18:00;17.1300000
20230116;18:30;16.9700000
20230116;19:00;16.9700000
20230117;7:45;17.1300000
20230117;8:00;17.1800000
20230117;8:15;17.1800000
20230117;9:00;17.1750000
20230117;9:30;17.0000000
20230117;9:45;17.0000000
20230117;10:15;17.0000000
20230117;10:30;17.0000000
20230117;11:00;17.0000000
20230117;11:15;17.0000000
20230117;11:30;17.0000000
20230117;12:00;17.0050000
20230117;12:15;17.0000000
20230117;13:00;17.0975000
20230117;13:15;17.0500000
20230117;13:30;17.0025000
20230117;13:45;17.0500000
20230117;14:00;17.0500000
20230117;14:15;17.0700000
20230117;14:30;17.0700000
20230117;14:45;17.0700000
20230117;15:00;17.0975000
20230117;15:30;17.0975000
20230117;15:45;17.1000000
20230117;16:00;17.0100000
20230117;16:15;17.1000000
20230117;16:30;17.0100000
20230117;16:45;17.1975000
20230117;17:00;17.2000000
20230117;17:15;17.2000000
20230117;17:30;17.2800000
20230117;17:45;17.0325000
20230117;18:00;17.0000000
20230117;18:30;17.2275000
20230117;19:00;17.1875000
20230118;9:00;17.0050000
20230118;9:45;17.2475000
20230118;10:00;17.0200000
20230118;10:15;17.2125000
20230118;10:30;17.1500000
20230118;11:00;17.1000000
20230118;11:15;17.1025000
20230118;11:30;17.1000000
20230118;12:00;17.1025000
20230118;12:30;17.1875000
20230118;13:00;17.1000000
20230118;13:15;17.2200000
20230118;13:30;17.2050000
20230118;13:45;17.2075000
20230118;14:00;17.1500000
20230118;14:45;17.1525000
20230118;15:00;17.1525000
20230118;15:15;17.1950000
20230118;15:30;17.2000000
20230118;15:45;17.1975000
20230118;16:00;17.1550000
20230118;16:15;17.1775000
20230118;16:30;17.1800000
20230118;17:00;17.1525000
20230118;17:30;17.1925000
20230118;17:45;17.1550000
20230118;18:00;17.1675000
20230118;18:15;17.1500000
20230118;18:45;17.1600000
20230118;19:00;17.1500000
20230119;7:15;17.2500000
20230119;8:45;17.2400000
20230119;9:30;17.1200000
20230119;10:00;17.1200000
20230119;10:45;17.2475000
20230119;11:00;17.2000000
20230119;11:15;17.2000000
20230119;11:30;17.1500000
20230119;12:15;17.2500000
20230119;12:30;17.2000000
20230119;12:45;17.2475000
20230119;13:00;17.1750000
20230119;13:45;17.2000000
20230119;14:00;17.3000000
20230119;14:15;17.3000000
20230119;14:30;17.3000000
20230119;14:45;17.3800000
20230119;15:00;17.3800000
20230119;15:15;17.3000000
20230119;15:30;17.3000000
20230119;15:45;17.4400000
20230119;16:15;17.4400000
20230119;16:45;17.4400000
20230119;17:15;17.3025000
20230119;17:45;17.4800000
20230119;18:00;17.5000000
20230119;18:15;17.4500000
20230119;18:45;17.4500000
20230119;19:00;17.5000000
20230120;7:15;17.1300000
20230120;8:30;17.1450000
20230120;9:00;17.1475000
20230120;10:00;17.1600000
20230120;10:15;17.4975000
20230120;10:30;17.5000000
20230120;11:00;17.6000000
20230120;11:15;17.1500000
20230120;11:30;17.2900000
20230120;11:45;17.1500000
20230120;12:00;17.1500000
20230120;12:15;17.2000000
20230120;12:30;17.2175000
20230120;12:45;17.2000000
20230120;13:00;17.2100000
20230120;13:30;17.3750000
20230120;13:45;17.3700000
20230120;14:00;17.2125000
20230120;14:15;17.2025000
20230120;14:30;17.5000000
20230120;14:45;17.4875000
20230120;15:00;17.4875000
20230120;15:30;17.4900000
20230120;15:45;17.2575000
20230120;16:00;17.2575000
20230120;16:15;17.2575000
20230120;16:30;17.2600000
20230120;17:00;17.4600000
20230120;17:15;17.4600000
20230120;17:30;17.4600000
20230120;17:45;17.5000000
20230120;18:00;17.5000000
20230120;18:15;17.4625000
20230120;18:30;17.4600000
20230120;18:45;17.4625000
20230123;9:15;17.4600000
20230123;9:30;17.4600000
20230123;9:45;17.2375000
20230123;11:00;17.4000000
20230123;11:15;17.5875000
20230123;11:30;17.4000000
20230123;11:45;17.5950000
20230123;12:15;17.4125000
20230123;12:30;17.4000000
20230123;12:45;17.2725000
20230123;13:00;17.5850000
20230123;13:15;17.5850000
20230123;13:30;17.3000000
20230123;14:30;17.5175000
20230123;15:00;17.4000000
20230123;15:15;17.5150000
20230123;15:30;17.5000000
20230123;15:45;17.3625000
20230123;16:00;17.4900000
20230123;16:15;17.3500000
20230123;16:30;17.3900000
20230123;16:45;17.3025000
20230123;17:00;17.4250000
20230123;17:15;17.2500000
20230123;17:30;17.4450000
20230123;17:45;17.4375000
20230123;18:00;17.4400000
20230123;18:30;17.4400000
20230123;18:45;17.2700000
20230123;19:00;17.2900000
20230124;9:15;17.5000000
20230124;9:30;17.5800000
20230124;10:30;17.5700000
20230124;10:45;17.2800000
20230124;11:15;17.2925000
20230124;11:30;17.4925000
20230124;11:45;17.4750000
20230124;12:00;17.4675000
20230124;12:15;17.4400000
20230124;12:45;17.3325000
20230124;13:45;17.4700000
20230124;14:00;17.3400000
20230124;14:15;17.4975000
20230124;14:30;17.4950000
20230124;14:45;17.5000000
20230124;15:00;17.4125000
20230124;15:15;17.4975000
20230124;16:15;17.4100000
20230124;16:30;17.4875000
20230124;16:45;17.3425000
20230124;17:00;17.4875000
20230124;18:45;17.5000000
20230125;9:00;17.7950000
20230125;9:15;17.7950000
20230125;9:30;17.3425000
20230125;10:15;17.4100000
20230125;10:30;17.5975000
20230125;11:00;17.6000000
20230125;11:15;17.4150000
20230125;11:30;17.5000000
20230125;12:00;17.5875000
20230125;12:30;17.4325000
20230125;12:45;17.5900000
20230125;13:00;17.4375000
20230125;13:15;17.4375000
20230125;13:30;17.5875000
20230125;13:45;17.5900000
20230125;14:00;17.4425000
20230125;14:30;17.6500000
20230125;15:00;17.4525000
20230125;16:15;17.4525000
20230125;16:30;17.4525000
20230125;17:00;17.4825000
20230125;17:15;17.6900000
20230125;17:30;17.6000000
20230125;17:45;17.5200000
20230125;18:15;17.5975000
20230125;18:30;17.5975000
20230125;18:45;17.5275000
20230125;19:00;17.6975000
20230126;7:30;17.3525000
20230126;8:45;18.4525000
20230126;9:00;17.5025000
20230126;9:45;17.9850000
20230126;10:00;17.6000000
20230126;10:15;17.5800000
20230126;10:30;17.5900000
20230126;10:45;17.5600000
20230126;11:00;17.5600000
20230126;11:15;17.6900000
20230126;11:30;17.6775000
20230126;12:00;17.6475000
20230126;12:15;17.6500000
20230126;12:30;17.6000000
20230126;12:45;17.6600000
20230126;13:00;17.6675000
20230126;13:30;17.6000000
20230126;14:00;17.7400000
20230126;14:15;17.7400000
20230126;14:30;17.6100000
20230126;15:45;17.7875000
20230126;16:00;17.7875000
20230126;16:15;17.6025000
20230126;16:45;17.6075000
20230126;17:00;17.7500000
20230126;17:15;17.7600000
20230126;17:45;17.6125000
20230126;18:00;17.7475000
20230126;18:30;17.7100000
20230127;8:45;17.7000000
20230127;9:15;17.7000000
20230127;9:30;17.6500000
20230127;9:45;17.6500000
20230127;10:30;17.6500000
20230127;10:45;17.6100000
20230127;11:00;17.7975000
20230127;11:15;17.7900000
20230127;11:45;17.6500000
20230127;12:00;17.7475000
20230127;12:15;17.7475000
20230127;12:30;17.7475000
20230127;13:00;17.8500000
20230127;13:15;17.8000000
20230127;13:45;17.7300000
20230127;14:15;17.7325000
20230127;14:30;17.7500000
20230127;14:45;17.7500000
20230127;15:00;17.7500000
20230127;15:15;17.7425000
20230127;15:30;17.8500000
20230127;15:45;17.7500000
20230127;16:00;17.7525000
20230127;16:15;17.7525000
20230127;16:30;17.7975000
20230127;17:00;17.8300000
20230127;17:30;17.8200000
20230127;17:45;17.7525000
20230127;18:00;17.7525000
20230127;18:30;17.7500000
20230127;18:45;17.8175000
20230127;19:00;17.8175000
20230130;7:30;17.5100000
20230130;7:45;17.5150000
20230130;8:00;17.8675000
20230130;8:15;17.5225000
20230130;9:00;17.5425000
20230130;9:30;17.6100000
20230130;9:45;17.8475000
20230130;10:00;17.6500000
20230130;10:15;17.8000000
20230130;10:30;17.8200000
20230130;10:45;17.8950000
20230130;11:00;17.8500000
20230130;11:15;17.8000000
20230130;11:30;17.7900000
20230130;11:45;17.7900000
20230130;12:00;17.7900000
20230130;12:30;17.7900000
20230130;12:45;17.8475000
20230130;13:00;17.8475000
20230130;13:15;17.8300000
20230130;13:30;17.8875000
20230130;14:00;17.7800000
20230130;14:15;17.7225000
20230130;14:30;17.8200000
20230130;14:45;17.8800000
20230130;15:00;17.7625000
20230130;16:00;17.8875000
20230130;16:15;17.8875000
20230130;16:30;17.9000000
20230130;16:45;17.9000000
20230130;17:00;17.9400000
20230130;17:15;17.9400000
20230130;17:30;17.9400000
20230130;17:45;17.9000000
20230130;18:00;17.9900000
20230130;18:15;17.9900000
20230130;19:00;17.9900000
20230131;7:15;17.9900000
20230131;7:45;17.9900000
20230131;8:45;17.9900000
20230131;9:30;17.9900000
20230131;10:45;17.9900000
20230131;11:00;17.9900000
20230131;11:15;17.9900000
20230131;11:30;18.0000000
20230131;11:45;18.0000000
20230131;12:45;18.1400000
20230131;13:00;18.0125000
20230131;13:15;18.1400000
20230131;14:00;18.1400000
20230131;14:15;18.1000000
20230131;14:30;18.0500000
20230131;14:45;18.0125000
20230131;15:00;18.0400000
20230131;15:15;18.0000000
20230131;15:45;18.0375000
20230131;16:00;18.0000000
20230131;16:15;18.0025000
20230131;16:30;18.0975000
20230131;16:45;18.0975000
20230131;17:15;18.0000000
20230131;17:45;17.9100000
20230131;19:00;17.9100000
20230201;9:45;18.2350000
20230201;10:00;18.1000000
20230201;10:30;18.0800000
20230201;10:45;17.9100000
20230201;11:00;17.9000000
20230201;11:15;17.9000000
20230201;11:30;17.9000000
20230201;11:45;17.9000000
20230201;12:00;17.7550000
20230201;12:15;17.7550000
20230201;12:30;17.9000000
20230201;12:45;17.7025000
20230201;13:00;17.7100000
20230201;13:15;17.7050000
20230201;13:30;17.7100000
20230201;13:45;17.7100000
20230201;14:00;17.7100000
20230201;15:00;17.7500000
20230201;15:15;17.7025000
20230201;16:15;17.7500000
20230201;16:30;17.7975000
20230201;16:45;17.8200000
20230201;17:00;17.8500000
20230201;17:15;17.9000000
20230201;17:30;17.9000000
20230201;17:45;17.8200000
20230201;18:45;17.8200000
20230201;19:00;17.8200000
20230202;11:00;17.8200000
20230202;11:30;17.9625000
20230202;12:00;17.9600000
20230202;12:15;17.9375000
20230202;12:30;17.9600000
20230202;12:45;17.9600000
20230202;13:00;17.9600000
20230202;13:30;17.9575000
20230202;14:00;17.8500000
20230202;14:15;17.8475000
20230202;14:45;17.8000000
20230202;15:15;17.7525000
20230202;15:30;17.8150000
20230202;16:00;17.7550000
20230202;16:15;17.7550000
20230202;16:45;17.8500000
20230202;17:00;17.9475000
20230202;17:15;17.9400000
20230202;17:30;17.8100000
20230202;18:00;17.9400000
20230202;18:30;17.9400000
20230202;18:45;17.9400000
20230203;10:15;17.8525000
20230203;10:45;17.8925000
20230203;11:00;17.8600000
20230203;11:15;17.8850000
20230203;11:45;17.8750000
20230203;13:00;17.8900000
20230203;13:15;17.9000000
20230203;13:30;17.9000000
20230203;13:45;17.8875000
20230203;14:00;17.8925000
20230203;14:15;17.8950000
20230203;14:30;17.9025000
20230203;14:45;17.8950000
20230203;15:15;17.8900000
20230203;15:30;17.8900000
20230203;15:45;17.8925000
20230203;16:00;17.9000000
20230203;16:30;17.8675000
20230203;16:45;17.9175000
20230203;17:15;17.9900000
20230203;17:30;17.9900000
20230203;17:45;17.9900000
20230203;18:45;17.9275000
20230203;19:00;18.0000000
20230206;7:15;17.5300000
20230206;7:45;18.5900000
20230206;8:30;18.0975000
20230206;9:15;18.1075000
20230206;9:30;18.1075000
20230206;10:30;17.9550000
20230206;10:45;18.0975000
20230206;11:00;18.0000000
20230206;11:15;18.0975000
20230206;11:45;18.0975000
20230206;12:15;17.9700000
20230206;12:30;18.0000000
20230206;12:45;18.0000000
20230206;13:00;17.9700000
20230206;13:45;18.0400000
20230206;14:00;18.0000000
20230206;14:15;18.0000000
20230206;14:30;18.0375000
20230206;14:45;18.0000000
20230206;15:00;18.0000000
20230206;15:15;17.9900000
20230206;15:45;17.9900000
20230206;16:00;18.0000000
20230206;16:15;18.0000000
20230206;16:45;18.0575000
20230206;17:00;18.0600000
20230206;17:15;17.9900000
20230206;17:45;18.0900000
20230206;18:00;18.0500000
20230206;18:30;17.9950000
20230206;18:45;17.9950000
20230207;8:00;18.8475000
20230207;8:45;18.0000000
20230207;9:15;18.0000000
20230207;9:45;18.0250000
20230207;10:15;18.1075000
20230207;10:30;18.0900000
20230207;11:15;18.0250000
20230207;11:30;18.0800000
20230207;11:45;18.0250000
20230207;12:00;18.0800000
20230207;12:15;18.0250000
20230207;13:15;18.0250000
20230207;13:30;18.0800000
20230207;13:45;18.0250000
20230207;14:15;18.0600000
20230207;14:30;18.0250000
20230207;14:45;18.0775000
20230207;15:15;18.0600000
20230207;15:30;18.0700000
20230207;16:00;18.0075000
20230207;16:45;18.1375000
20230207;17:30;18.1000000
20230207;17:45;18.1400000
20230207;18:00;18.1500000
20230207;18:15;18.1500000
20230208;10:00;18.0225000
20230208;10:45;18.2075000
20230208;11:00;18.2075000
20230208;11:15;18.2075000
20230208;11:30;18.2075000
20230208;11:45;18.2100000
20230208;12:15;18.2100000
20230208;12:30;18.2975000
20230208;13:00;18.2000000
20230208;13:30;18.2900000
20230208;13:45;18.2900000
20230208;14:15;18.1550000
20230208;14:30;18.2850000
20230208;15:00;18.1650000
20230208;15:30;18.3475000
20230208;15:45;18.3900000
20230208;16:00;18.3000000
20230208;16:15;18.2525000
20230208;16:30;18.4000000
20230208;16:45;18.3000000
20230208;17:00;18.4000000
20230208;17:30;18.2550000
20230208;18:15;18.5000000
20230208;18:30;18.5000000
20230208;19:00;18.5000000
20230209;7:30;18.1375000
20230209;8:15;18.5325000
20230209;8:30;18.5900000
20230209;8:45;18.7875000
20230209;9:00;18.7875000
20230209;9:15;18.7875000
20230209;9:45;18.6975000
20230209;10:00;18.6750000
20230209;10:15;18.5375000
20230209;10:30;18.5375000
20230209;10:45;18.6000000
20230209;11:15;18.5350000
20230209;11:30;18.5325000
20230209;11:45;18.5325000
20230209;12:00;18.6375000
20230209;12:15;18.5600000
20230209;12:30;18.5600000
20230209;12:45;18.6400000
20230209;13:00;18.5650000
20230209;13:15;18.5650000
20230209;13:30;18.5650000
20230209;13:45;18.6375000
20230209;14:15;18.6375000
20230209;14:45;18.6000000
20230209;15:00;18.5975000
20230209;15:30;18.6050000
20230209;15:45;18.6400000
20230209;16:00;18.5000000
20230209;16:30;18.6400000
20230209;16:45;18.5950000
20230209;17:00;18.6400000
20230209;17:15;18.5200000
20230209;18:00;18.5300000
20230209;18:45;18.6200000
20230210;8:00;18.6350000
20230210;8:15;18.6350000
20230210;8:30;18.7900000
20230210;8:45;18.8375000
20230210;9:15;18.6000000
20230210;9:30;18.6000000
20230210;10:00;18.5600000
20230210;10:15;18.6675000
20230210;10:30;18.5800000
20230210;10:45;18.5700000
20230210;11:00;18.6975000
20230210;11:30;18.6425000
20230210;12:15;18.4625000
20230210;12:30;18.5000000
20230210;12:45;18.5500000
20230210;13:00;18.4625000
20230210;13:15;18.5500000
20230210;13:30;18.6475000
20230210;13:45;18.6500000
20230210;14:00;18.6500000
20230210;14:15;18.6500000
20230210;14:45;18.6475000
20230210;15:00;18.6700000
20230210;15:15;18.6475000
20230210;15:30;18.6475000
20230210;16:00;18.6700000
20230210;16:15;18.6975000
20230210;16:30;18.6975000
20230210;16:45;18.6475000
20230210;17:00;18.6500000
20230210;17:15;18.6475000
20230210;17:30;18.6500000
20230210;17:45;18.6500000
20230210;18:00;18.6475000
20230210;18:15;18.6475000
20230210;18:30;18.7500000
20230210;19:00;18.7475000
20230213;7:15;18.8525000
20230213;7:30;18.8525000
20230213;8:00;18.9375000
20230213;8:15;18.9375000
20230213;8:45;18.8475000
20230213;9:15;18.8475000
20230213;10:00;18.7500000
20230213;10:15;18.7000000
20230213;11:00;18.7200000
20230213;11:15;18.7200000
20230213;11:45;18.7500000
20230213;12:00;18.7900000
20230213;12:15;18.8275000
20230213;12:30;18.7900000
20230213;13:15;18.7525000
20230213;14:00;18.7525000
20230213;14:15;18.8200000
20230213;14:30;18.8200000
20230213;14:45;18.8200000
20230213;15:00;18.8275000
20230213;15:15;18.7700000
20230213;15:45;18.7725000
20230213;16:15;18.8275000
20230213;16:45;18.8275000
20230213;17:00;18.8200000
20230213;17:15;18.8200000
20230213;17:45;18.7700000
20230213;18:00;18.7800000
20230213;18:15;18.7600000
20230213;18:30;18.8200000
20230213;18:45;18.8300000
20230214;8:30;18.8500000
20230214;8:45;18.6850000
20230214;9:15;18.6225000
20230214;9:30;18.6225000
20230214;10:15;18.8125000
20230214;10:30;18.7000000
20230214;11:00;18.7500000
20230214;11:15;18.7400000
20230214;11:30;18.7500000
20230214;12:00;18.9000000
20230214;12:15;18.7275000
20230214;12:30;18.9000000
20230214;12:45;18.9500000
20230214;13:30;18.9275000
20230214;13:45;18.8975000
20230214;14:30;18.8000000
20230214;15:00;18.8300000
20230214;15:15;18.8575000
20230214;15:45;18.7600000
20230214;16:15;18.7000000
20230214;17:45;18.7050000
20230214;18:00;18.8475000
20230214;18:15;18.7050000
20230214;19:00;18.7050000
20230215;9:00;18.6250000
20230215;9:45;18.8400000
20230215;10:00;18.8400000
20230215;10:30;18.7375000
20230215;11:00;18.8575000
20230215;11:15;18.8000000
20230215;11:30;18.7425000
20230215;12:00;18.9950000
20230215;12:15;18.9475000
20230215;12:30;18.9300000
20230215;12:45;18.9500000
20230215;13:00;18.9300000
20230215;13:15;19.0000000
20230215;13:30;18.7600000
20230215;13:45;19.0500000
20230215;14:00;19.0475000
20230215;14:15;19.0475000
20230215;15:00;18.8300000
20230215;15:15;19.0000000
20230215;15:30;19.0475000
20230215;15:45;19.0475000
20230215;16:00;19.0000000
20230215;16:15;18.9325000
20230215;16:30;18.9325000
20230215;16:45;19.0475000
20230215;17:00;19.0400000
20230215;17:45;19.0375000
20230215;18:00;19.0400000
20230215;18:30;19.0400000
20230215;18:45;18.9500000
20230215;19:00;19.0300000
20230216;7:30;18.7775000
20230216;8:45;19.0000000
20230216;9:00;19.6500000
20230216;9:15;19.6500000
20230216;9:30;19.6500000
20230216;9:45;19.6500000
20230216;10:00;19.0425000
20230216;10:15;19.4975000
20230216;10:30;19.5000000
20230216;10:45;19.4000000
20230216;11:15;19.0500000
20230216;11:30;19.1000000
20230216;11:45;19.1000000
20230216;12:15;19.1200000
20230216;12:30;19.1200000
20230216;12:45;19.1000000
20230216;13:00;19.1775000
20230216;13:15;19.1025000
20230216;13:30;19.1775000
20230216;13:45;19.1000000
20230216;14:00;19.1100000
20230216;14:15;19.1000000
20230216;14:30;19.1675000
20230216;14:45;19.1675000
20230216;15:30;19.1700000
20230216;16:00;19.1675000
20230216;16:15;19.1000000
20230216;16:45;19.1675000
20230216;17:00;19.1700000
20230216;17:15;19.1700000
20230216;17:30;19.1700000
20230216;17:45;19.1150000
20230216;18:00;19.1150000
20230216;18:30;19.1800000
20230216;19:00;19.1800000
20230217;8:00;19.7175000
20230217;8:15;19.2500000
20230217;8:30;19.2500000
20230217;9:00;19.2500000
20230217;9:45;19.5900000
20230217;10:00;19.1900000
20230217;10:15;19.2000000
20230217;10:30;19.2500000
20230217;10:45;19.2200000
20230217;11:00;19.2200000
20230217;11:15;19.2200000
20230217;11:30;19.2200000
20230217;11:45;19.2375000
20230217;12:00;19.4500000
20230217;12:15;19.5925000
20230217;12:30;19.2000000
20230217;12:45;19.4975000
20230217;13:00;19.1875000
20230217;13:15;19.4725000
20230217;13:45;19.4700000
20230217;14:00;19.1875000
20230217;14:15;19.1875000
20230217;14:30;19.3950000
20230217;14:45;19.1150000
20230217;15:00;19.1150000
20230217;15:15;19.4675000
20230217;15:30;19.1150000
20230217;15:45;19.1050000
20230217;16:00;19.1975000
20230217;16:15;19.1050000
20230217;16:30;19.1025000
20230217;16:45;18.8025000
20230217;17:00;19.1000000
20230217;17:30;19.0975000
20230217;18:15;19.0500000
20230217;18:30;19.0500000
20230217;18:45;19.1000000
20230217;19:00;19.1000000
20230220;7:45;19.4575000
20230220;8:15;19.4575000
20230220;8:45;19.4550000
20230220;9:00;19.4575000
20230220;9:30;18.7825000
20230220;9:45;18.7025000
20230220;10:15;18.7025000
20230220;10:30;18.9975000
20230220;10:45;18.9975000
20230220;11:00;18.9975000
20230220;11:15;18.9975000
20230220;11:30;19.0000000
20230220;11:45;19.0000000
20230220;12:00;18.8525000
20230220;12:30;19.0000000
20230220;12:45;19.1000000
20230220;13:00;19.1000000
20230220;13:15;19.1000000
20230220;13:30;19.1000000
20230220;14:00;19.1875000
20230220;14:15;19.0025000
20230220;14:30;19.0025000
20230220;14:45;19.1950000
20230220;15:00;19.1900000
20230220;15:15;19.0050000
20230220;15:30;19.0050000
20230220;15:45;19.1000000
20230220;16:15;19.1450000
20230220;16:30;19.1025000
20230220;16:45;19.0025000
20230220;17:15;19.1875000
20230220;17:30;19.1125000
20230220;17:45;19.1125000
20230220;18:00;19.2000000
20230220;18:15;19.1500000
20230220;18:30;19.1500000
20230220;19:00;18.8200000
20230221;8:15;18.9025000
20230221;9:00;19.4000000
20230221;9:30;19.3950000
20230221;9:45;19.3900000
20230221;10:00;19.1025000
20230221;10:15;19.1000000
20230221;10:30;19.3850000
20230221;10:45;19.3475000
20230221;11:00;19.3450000
20230221;11:15;19.2000000
20230221;11:45;19.2325000
20230221;12:15;19.2500000
20230221;12:30;19.3000000
20230221;12:45;19.2325000
20230221;13:00;19.2975000
20230221;13:15;19.2900000
20230221;13:45;19.2975000
20230221;14:00;19.2775000
20230221;14:15;19.2300000
20230221;14:30;19.2500000
20230221;14:45;19.2300000
20230221;15:00;19.2300000
20230221;15:45;19.3000000
20230221;16:00;19.3375000
20230221;16:30;19.2325000
20230221;17:15;19.3000000
20230221;17:30;19.3000000
20230221;17:45;19.3000000
20230221;18:00;19.2300000
20230221;18:45;19.2350000
20230221;19:00;19.3000000
20230222;7:45;19.3950000
20230222;8:00;18.8100000
20230222;8:30;19.3925000
20230222;9:15;19.3900000
20230222;10:00;19.3900000
20230222;10:15;19.3000000
20230222;11:00;19.3200000
20230222;11:15;19.3300000
20230222;11:45;19.3300000
20230222;12:00;19.3000000
20230222;12:15;19.3175000
20230222;12:30;19.3275000
20230222;13:00;19.3175000
20230222;13:30;19.3100000
20230222;14:00;19.3300000
20230222;14:15;19.3100000
20230222;14:30;19.3100000
20230222;15:00;19.3300000
20230222;15:15;19.3300000
20230222;16:00;19.3575000
20230222;16:15;19.3575000
20230222;16:30;19.3575000
20230222;16:45;19.3575000
20230222;17:00;19.3575000
20230222;17:15;19.3600000
20230222;17:30;19.3000000
20230222;18:00;19.3600000
20230222;18:15;19.3600000
20230222;18:30;19.3000000
20230222;18:45;19.3600000
20230224;7:30;19.0000000
20230224;7:45;19.3950000
20230224;8:00;19.1125000
20230224;8:15;19.1200000
20230224;8:30;19.3850000
20230224;8:45;19.1175000
20230224;9:30;19.5000000
20230224;9:45;19.5000000
20230224;10:00;19.1500000
20230224;10:15;19.5000000
20230224;10:30;19.5000000
20230224;11:30;19.5000000
20230224;12:00;19.5000000
20230224;12:15;19.6100000
20230224;12:30;19.5000000
20230224;13:15;19.5000000
20230224;13:30;19.1550000
20230224;13:45;19.2025000
20230224;14:00;19.6000000
20230224;14:15;19.5975000
20230224;14:30;19.5975000
20230224;14:45;19.6000000
20230224;15:00;19.2325000
20230224;15:30;19.2400000
20230224;16:00;19.5975000
20230224;16:15;19.2550000
20230224;16:30;19.2425000
20230224;17:00;19.2525000
20230224;17:30;19.5975000
20230224;17:45;19.5950000
20230224;18:00;19.6000000
20230224;19:00;19.5000000
20230227;7:15;19.3100000
20230227;7:45;19.3125000
20230227;8:30;19.5000000
20230227;8:45;19.5000000
20230227;9:00;19.5000000
20230227;9:30;19.5000000
20230227;10:00;19.5000000
20230227;10:15;19.3275000
20230227;10:30;19.3325000
20230227;10:45;19.5000000
20230227;11:00;19.3350000
20230227;11:15;19.4975000
20230227;11:30;19.4800000
20230227;11:45;19.4975000
20230227;12:00;19.5000000
20230227;12:15;19.5000000
20230227;12:30;19.4975000
20230227;12:45;19.4500000
20230227;13:00;19.3900000
20230227;13:30;19.4975000
20230227;14:00;19.4975000
20230227;14:15;19.5000000
20230227;14:30;19.4975000
20230227;14:45;19.5000000
20230227;15:00;19.6000000
20230227;15:30;19.6000000
20230227;15:45;19.4975000
20230227;16:00;19.3600000
20230227;16:15;19.4975000
20230227;16:30;19.4975000
20230227;16:45;19.3000000
20230227;17:15;19.4975000
20230227;18:00;19.4975000
20230227;18:15;19.4975000
20230227;18:45;19.2800000
20230228;7:15;19.0525000
20230228;8:15;19.0625000
20230228;9:00;19.6400000
20230228;9:15;19.6000000
20230228;9:45;19.1200000
20230228;10:00;19.5975000
20230228;10:15;19.6000000
20230228;10:30;19.6000000
20230228;10:45;19.5975000
20230228;11:30;19.6000000
20230228;12:00;19.6000000
20230228;12:30;19.4975000
20230228;12:45;19.4975000
20230228;13:00;19.4975000
20230228;13:30;19.4900000
20230228;14:00;19.5000000
20230228;14:15;19.5275000
20230228;14:30;19.3525000
20230228;14:45;19.5250000
20230228;15:00;19.4000000
20230228;15:15;19.5475000
20230228;15:30;19.5475000
20230228;16:00;19.5475000
20230228;16:15;19.5500000
20230228;16:30;19.5500000
20230228;16:45;19.6500000
20230228;17:00;19.6500000
20230228;17:15;19.4000000
20230228;17:30;19.4000000
20230228;17:45;19.3600000
20230228;18:00;19.5275000
20230228;18:15;19.5000000
20230228;18:45;19.5000000
20230301;8:00;19.5000000
20230301;9:00;20.0000000
20230301;9:15;19.3200000
20230301;9:30;19.3225000
20230301;9:45;19.9000000
20230301;10:00;19.4975000
20230301;10:15;19.4975000
20230301;10:45;19.4975000
20230301;11:00;19.3725000
20230301;11:15;19.4000000
20230301;11:30;19.6475000
20230301;12:00;19.4000000
20230301;12:15;19.5975000
20230301;12:30;19.5950000
20230301;12:45;19.5850000
20230301;13:00;19.5000000
20230301;13:15;19.3900000
20230301;13:45;19.5900000
20230301;14:00;19.5875000
20230301;14:15;19.5850000
20230301;14:30;19.5800000
20230301;14:45;19.5000000
20230301;15:00;19.5875000
20230301;15:15;19.5875000
20230301;15:30;19.5000000
20230301;15:45;19.5000000
20230301;16:15;19.5875000
20230301;17:00;19.5825000
20230301;18:15;19.3825000
20230301;18:30;19.5850000
20230301;19:00;19.3825000
20230302;7:15;19.5550000
20230302;8:30;19.3125000
20230302;9:15;19.5425000
20230302;9:30;19.3250000
20230302;9:45;19.3300000
20230302;10:00;19.5475000
20230302;10:15;19.5300000
20230302;10:30;19.6675000
20230302;10:45;19.5300000
20230302;11:00;19.5975000
20230302;11:15;19.5275000
20230302;11:30;19.5975000
20230302;11:45;19.5000000
20230302;12:00;19.5000000
20230302;12:15;19.5000000
20230302;12:30;19.5925000
20230302;13:00;19.5900000
20230302;13:15;19.5900000
20230302;13:30;19.5900000
20230302;13:45;19.6000000
20230302;14:00;19.5200000
20230302;14:15;19.5975000
20230302;14:30;19.5975000
20230302;15:45;19.5975000
20230302;16:00;19.5200000
20230302;16:15;19.5975000
20230302;16:30;19.5500000
20230302;17:00;19.5200000
20230302;17:15;19.4100000
20230302;17:30;19.5975000
20230302;17:45;19.5975000
20230302;18:00;19.5975000
20230302;18:30;19.6000000
20230302;18:45;19.6000000
20230303;10:30;19.6200000
20230303;10:45;19.6175000
20230303;11:00;19.6300000
20230303;11:15;19.5975000
20230303;11:30;19.5950000
20230303;11:45;19.5000000
20230303;12:00;19.5950000
20230303;12:15;19.5000000
20230303;12:30;19.5000000
20230303;12:45;19.5950000
20230303;13:00;19.5950000
20230303;13:15;19.5950000
20230303;13:30;19.5950000
20230303;13:45;19.5950000
20230303;14:15;19.5125000
20230303;14:30;19.6875000
20230303;14:45;19.5125000
20230303;15:15;19.5975000
20230303;15:45;19.5975000
20230303;16:15;19.5975000
20230303;16:30;19.5400000
20230303;16:45;19.5975000
20230303;17:15;19.5975000
20230303;17:30;19.5400000
20230303;17:45;19.5975000
20230303;18:30;19.6200000
20230303;18:45;19.6900000
20230303;19:00;19.7000000
20230306;7:15;19.2650000
20230306;7:30;19.9475000
20230306;7:45;19.7975000
20230306;8:00;19.7975000
20230306;8:15;19.2675000
20230306;8:30;19.2725000
20230306;9:00;19.8725000
20230306;9:15;19.3025000
20230306;9:30;19.8725000
20230306;10:15;19.4025000
20230306;10:45;19.6975000
20230306;11:00;19.3600000
20230306;11:15;19.4025000
20230306;11:30;19.3125000
20230306;11:45;19.5125000
20230306;12:00;19.4225000
20230306;12:15;19.4250000
20230306;12:30;19.4225000
20230306;12:45;19.4225000
20230306;13:00;19.5475000
20230306;13:30;19.5000000
20230306;13:45;19.4100000
20230306;14:00;19.4100000
20230306;14:45;19.5350000
20230306;15:15;19.5300000
20230306;15:30;19.5350000
20230306;15:45;19.5650000
20230306;16:15;19.5650000
20230306;16:30;19.5000000
20230306;16:45;19.5650000
20230306;17:00;19.5000000
20230306;17:30;19.4500000
20230306;17:45;19.4500000
20230306;18:30;19.5475000
20230306;18:45;19.4500000
20230307;8:30;19.4500000
20230307;9:00;19.5500000
20230307;9:15;19.5500000
20230307;9:30;19.5500000
20230307;9:45;19.4150000
20230307;10:15;19.5475000
20230307;10:30;19.5500000
20230307;10:45;19.5200000
20230307;11:00;19.5775000
20230307;11:15;19.5200000
20230307;11:30;19.5775000
20230307;11:45;19.5775000
20230307;12:00;19.4425000
20230307;12:30;19.5000000
20230307;12:45;19.5775000
20230307;13:00;19.5000000
20230307;13:15;19.4475000
20230307;14:15;19.4500000
20230307;14:45;19.4500000
20230307;15:00;19.4500000
20230307;15:15;19.5600000
20230307;15:45;19.5600000
20230307;16:00;19.5600000
20230307;16:15;19.5600000
20230307;17:00;19.4575000
20230307;17:30;19.5600000
20230307;17:45;19.5600000
20230307;18:00;19.5200000
20230307;18:15;19.6000000
20230307;18:45;19.6500000
20230307;19:00;19.5100000
20230309;9:15;19.3000000
20230309;10:15;19.6500000
20230309;10:30;19.6475000
20230309;10:45;19.6975000
20230309;11:00;19.5500000
20230309;11:15;19.4125000
20230309;11:30;19.4200000
20230309;11:45;19.4100000
20230309;12:00;19.6500000
20230309;12:30;19.6500000
20230309;13:00;19.6375000
20230309;13:30;19.4575000
20230309;13:45;19.4575000
20230309;14:15;19.6000000
20230309;14:30;19.6550000
20230309;14:45;19.4600000
20230309;15:15;19.4675000
20230309;15:45;19.5025000
20230309;16:00;19.6500000
20230309;16:15;19.6500000
20230309;16:30;19.6550000
20230309;18:15;19.6375000
20230309;18:30;19.6125000
20230309;18:45;19.6100000
20230309;19:00;19.6125000
20230310;7:45;19.6500000
20230310;8:15;19.5025000
20230310;8:45;19.6000000
20230310;9:45;19.6500000
20230310;10:00;19.6500000
20230310;10:15;19.6975000
20230310;11:15;19.6000000
20230310;11:30;19.5050000
20230310;12:15;19.6625000
20230310;12:30;19.6025000
20230310;13:15;19.7500000
20230310;13:45;19.6500000
20230310;14:00;19.6500000
20230310;14:30;19.7400000
20230310;15:15;19.7500000
20230310;15:30;19.6500000
20230310;15:45;19.7475000
20230310;16:00;19.7475000
20230310;16:45;19.6500000
20230310;17:00;19.7475000
20230310;17:15;19.6525000
20230310;17:30;19.6525000
20230310;17:45;19.7475000
20230310;18:00;19.7475000
20230310;18:15;19.7475000
20230310;18:30;19.6525000
20230310;19:00;19.6525000
20230313;7:15;19.8300000
20230313;8:45;19.6025000
20230313;9:15;19.9975000
20230313;9:30;19.9000000
20230313;10:00;19.7475000
20230313;10:15;19.7475000
20230313;10:30;19.7475000
20230313;11:00;19.7475000
20230313;11:15;19.6000000
20230313;11:45;19.5300000
20230313;12:00;19.5325000
20230313;12:15;19.6975000
20230313;12:30;19.6675000
20230313;12:45;19.5200000
20230313;13:15;19.6675000
20230313;13:30;19.5975000
20230313;13:45;19.5975000
20230313;14:00;19.5200000
20230313;14:15;19.5775000
20230313;14:30;19.5975000
20230313;14:45;19.4500000
20230313;15:00;19.3800000
20230313;15:15;19.4375000
20230313;15:30;19.3800000
20230313;16:00;19.6375000
20230313;16:15;19.6375000
20230313;16:30;19.6375000
20230313;16:45;19.6375000
20230313;17:00;19.6350000
20230313;17:30;19.4050000
20230313;17:45;19.4050000
20230313;18:00;19.6375000
20230313;18:45;19.5475000
20230314;7:15;19.5475000
20230314;8:45;19.4000000
20230314;9:45;19.6475000
20230314;10:30;19.4125000
20230314;10:45;19.4100000
20230314;11:15;19.4125000
20230314;11:30;19.3825000
20230314;12:00;19.4975000
20230314;12:15;19.4975000
20230314;12:30;19.4975000
20230314;12:45;19.4975000
20230314;13:00;19.4525000
20230314;13:15;19.4525000
20230314;14:00;19.5775000
20230314;14:15;19.5775000
20230314;15:00;19.4525000
20230314;15:15;19.5300000
20230314;15:30;19.4525000
20230314;15:45;19.5750000
20230314;16:00;19.5750000
20230314;16:30;19.4525000
20230314;17:00;19.5750000
20230314;17:45;19.5750000
20230314;18:00;19.5475000
20230314;18:15;19.4800000
20230314;18:30;19.5475000
20230314;18:45;19.5475000
20230314;19:00;19.4825000
20230315;7:15;19.4825000
20230315;8:00;19.5000000
20230315;9:00;19.3800000
20230315;9:30;19.8900000
20230315;9:45;19.7475000
20230315;10:00;19.7475000
20230315;10:15;19.4050000
20230315;10:30;19.5500000
20230315;10:45;19.5975000
20230315;11:00;19.5900000
20230315;11:15;19.6175000
20230315;11:30;19.6500000
20230315;11:45;19.6475000
20230315;12:00;19.5025000
20230315;12:15;19.5025000
20230315;12:30;19.6475000
20230315;13:00;19.5025000
20230315;13:30;19.6475000
20230315;13:45;19.5025000
20230315;14:30;19.6300000
20230315;14:45;19.6500000
20230315;15:15;19.6500000
20230315;15:30;19.6700000
20230315;15:45;19.7000000
20230315;16:45;19.6975000
20230315;17:00;19.7450000
20230315;17:15;19.6975000
20230315;17:45;19.6875000
20230315;18:30;19.7450000
20230315;18:45;19.5525000
20230315;19:00;19.7450000
20230316;8:00;19.6800000
20230316;9:30;19.7475000
20230316;10:00;19.5125000
20230316;10:15;19.7000000
20230316;10:30;19.7500000
20230316;10:45;19.7500000
20230316;11:00;19.7575000
20230316;11:45;19.6025000
20230316;12:15;19.7100000
20230316;12:30;19.7575000
20230316;12:45;19.7600000
20230316;13:00;19.7600000
20230316;13:45;19.6025000
20230316;15:00;19.7300000
20230316;15:15;19.7300000
20230316;15:30;19.6225000
20230316;15:45;19.6225000
20230316;16:00;19.6225000
20230316;16:15;19.6225000
20230316;16:45;19.7300000
20230316;17:00;19.7300000
20230316;17:15;19.7600000
20230316;17:30;19.7625000
20230316;17:45;19.6225000
20230316;18:00;19.7800000
20230317;7:30;19.9000000
20230317;8:45;19.7500000
20230317;9:30;19.8975000
20230317;10:00;19.7525000
20230317;10:45;19.8000000
20230317;11:00;19.7725000
20230317;11:15;19.7725000
20230317;11:30;19.8875000
20230317;11:45;19.8875000
20230317;12:00;19.8875000
20230317;12:15;19.8875000
20230317;12:30;19.8850000
20230317;12:45;19.8100000
20230317;13:00;19.8725000
20230317;13:30;19.8750000
20230317;14:00;19.8750000
20230317;14:30;19.8875000
20230317;14:45;19.9000000
20230317;15:00;19.8775000
20230317;15:15;19.8975000
20230317;15:30;19.9000000
20230317;15:45;19.9200000
20230317;16:00;19.9725000
20230317;16:15;19.8525000
20230317;16:45;19.8525000
20230317;17:00;19.9950000
20230317;17:15;19.9975000
20230317;17:30;19.9975000
20230317;17:45;19.9975000
20230317;18:00;19.9975000
20230317;18:15;19.8525000
20230317;18:45;19.8525000
20230317;19:00;19.9800000
20230320;8:15;20.0000000
20230320;9:30;20.4500000
20230320;9:45;20.4525000
20230320;10:15;19.9225000
20230320;10:30;20.2475000
20230320;11:00;20.2475000
20230320;11:30;20.2500000
20230320;11:45;20.2475000
20230320;12:15;20.2175000
20230320;12:30;20.0225000
20230320;12:45;20.1975000
20230320;13:00;20.0200000
20230320;13:15;20.0000000
20230320;13:30;19.9025000
20230320;13:45;19.9200000
20230320;14:00;19.9400000
20230320;14:15;19.9975000
20230320;15:00;19.8525000
20230320;15:30;19.9775000
20230320;16:30;20.0000000
20230320;16:45;20.1475000
20230320;18:00;20.1475000
20230320;18:15;20.1475000
20230320;19:00;20.1500000
20230321;9:15;20.4000000
20230321;9:30;19.8525000
20230321;9:45;20.5000000
20230321;10:00;20.0000000
20230321;10:15;20.0000000
20230321;10:30;20.1425000
20230321;11:15;20.1375000
20230321;11:30;20.1375000
20230321;11:45;19.9000000
20230321;12:00;19.9000000
20230321;12:30;19.9500000
20230321;12:45;20.0000000
20230321;13:00;20.0000000
20230321;13:15;19.9000000
20230321;13:30;19.9000000
20230321;13:45;20.0000000
20230321;14:00;20.0975000
20230321;14:30;20.0975000
20230321;14:45;20.0900000
20230321;15:15;19.9000000
20230321;15:30;19.8825000
20230321;15:45;19.8825000
20230321;16:00;19.9875000
20230321;16:15;19.9000000
20230321;17:15;20.0875000
20230321;17:45;19.9000000
20230321;18:00;19.9000000
20230321;18:45;20.0925000
20230321;19:00;20.0950000
20230322;7:15;19.8550000
20230322;8:30;19.8575000
20230322;9:00;20.0000000
20230322;9:30;20.0000000
20230322;9:45;20.1875000
20230322;10:00;20.1875000
20230322;10:15;20.1825000
20230322;10:45;20.0000000
20230322;11:15;19.9975000
20230322;11:30;19.9100000
20230322;11:45;19.9950000
20230322;12:00;19.9125000
20230322;12:15;19.9975000
20230322;13:00;19.9975000
20230322;13:15;19.9025000
20230322;13:30;19.9975000
20230322;13:45;19.9975000
20230322;14:30;19.9950000
20230322;15:00;19.9200000
20230322;15:15;19.9975000
20230322;15:30;20.1900000
20230322;15:45;19.9200000
20230322;16:00;19.9200000
20230322;16:15;20.1900000
20230322;16:30;19.9325000
20230322;16:45;19.9325000
20230322;17:00;20.1925000
20230322;17:45;19.9300000
20230322;18:00;20.0975000
20230322;18:45;20.0975000
20230322;19:00;20.1000000
20230323;7:45;19.9025000
20230323;8:15;20.3975000
20230323;9:45;20.0000000
20230323;10:00;19.9000000
20230323;10:15;19.8600000
20230323;10:30;19.8600000
20230323;11:00;19.8600000
20230323;11:15;19.8600000
20230323;11:30;19.8575000
20230323;11:45;19.8575000
20230323;12:00;19.8600000
20230323;12:15;19.8525000
20230323;12:30;19.8400000
20230323;12:45;19.8400000
20230323;13:30;19.8000000
20230323;13:45;19.8125000
20230323;14:30;19.8125000
20230323;14:45;19.6525000
20230323;15:00;19.8000000
20230323;15:15;19.6550000
20230323;15:30;19.7125000
20230323;15:45;19.6525000
20230323;16:00;19.8125000
20230323;16:30;19.7600000
20230323;16:45;19.6175000
20230323;18:30;19.8125000
20230323;19:00;19.7975000
20230324;9:45;19.8975000
20230324;10:00;19.7200000
20230324;10:15;19.7175000
20230324;10:30;19.8975000
20230324;10:45;19.8975000
20230324;11:00;19.7200000
20230324;11:15;19.7425000
20230324;11:30;19.8475000
20230324;11:45;19.8000000
20230324;12:00;19.7800000
20230324;12:15;19.8975000
20230324;12:30;19.8975000
20230324;12:45;19.8975000
20230324;13:00;19.8975000
20230324;13:30;19.8100000
20230324;13:45;19.8100000
20230324;14:15;19.8975000
20230324;14:30;19.8975000
20230324;14:45;19.8300000
20230324;15:00;19.8300000
20230324;15:15;19.8975000
20230324;15:45;19.8975000
20230324;16:15;19.8500000
20230324;16:45;19.8500000
20230324;17:00;19.8500000
20230324;17:15;19.9000000
20230324;17:30;19.9200000
20230324;17:45;19.9200000
20230324;18:00;19.8225000
20230324;18:15;19.8525000
20230324;18:30;20.2275000
20230324;18:45;20.2250000
20230327;8:15;20.4750000
20230327;9:00;20.4625000
20230327;9:30;20.4200000
20230327;9:45;20.4200000
20230327;10:30;19.9000000
20230327;11:15;19.8350000
20230327;11:30;19.9000000
20230327;11:45;19.8350000
20230327;12:00;19.8975000
20230327;12:30;19.8975000
20230327;12:45;19.7275000
20230327;13:15;19.8300000
20230327;13:30;19.8300000
20230327;13:45;19.8025000
20230327;14:00;19.8025000
20230327;14:30;19.8975000
20230327;14:45;19.8975000
20230327;15:00;19.8400000
20230327;15:30;19.8975000
20230327;16:00;19.8975000
20230327;16:15;19.8975000
20230327;16:45;19.8975000
20230327;17:00;19.8075000
20230327;17:15;19.8500000
20230327;18:00;19.8975000
20230327;18:30;19.9000000
20230327;18:45;19.9000000
20230327;19:00;19.9000000
20230328;9:00;20.3000000
20230328;9:30;20.2000000
20230328;9:45;20.1975000
20230328;10:00;20.1975000
20230328;10:30;19.7050000
20230328;10:45;19.8500000
20230328;11:00;19.8500000
20230328;11:45;19.7600000
20230328;12:00;19.8500000
20230328;12:15;19.7725000
20230328;12:45;19.7725000
20230328;13:00;19.8500000
20230328;13:15;19.8500000
20230328;13:30;19.7750000
20230328;13:45;19.8975000
20230328;14:00;19.8950000
20230328;14:30;19.8500000
20230328;14:45;19.8975000
20230328;15:00;19.8250000
20230328;15:45;19.8975000
20230328;16:00;19.8825000
20230328;17:00;20.1675000
20230328;17:15;19.8825000
20230328;18:00;20.1625000
20230328;18:15;19.9125000
20230328;18:30;20.1625000
20230329;7:30;19.8250000
20230329;9:00;19.8500000
20230329;10:00;20.1625000
20230329;10:15;20.1500000
20230329;10:45;20.1475000
20230329;11:15;20.1475000
20230329;11:45;19.9875000
20230329;12:30;19.9875000
20230329;12:45;19.9475000
20230329;13:00;19.9475000
20230329;13:15;19.9475000
20230329;13:45;19.9900000
20230329;14:15;19.9300000
20230329;14:30;19.9900000
20230329;14:45;19.9900000
20230329;15:00;19.9900000
20230329;15:15;19.9300000
20230329;15:30;19.9875000
20230329;15:45;19.9525000
20230329;16:00;19.9875000
20230329;16:15;19.9525000
20230329;16:45;19.9500000
20230329;17:00;19.9875000
20230329;17:15;19.9875000
20230329;17:30;19.9875000
20230329;17:45;19.9500000
20230329;18:00;20.1475000
20230329;18:15;19.9425000
20230330;9:45;19.9525000
20230330;10:00;19.9525000
20230330;10:15;19.9525000
20230330;10:30;19.9525000
20230330;10:45;19.9950000
20230330;11:00;19.9950000
20230330;11:15;19.9950000
20230330;11:30;20.0975000
20230330;11:45;20.1375000
20230330;12:00;20.1000000
20230330;12:15;19.9975000
20230330;12:30;19.9950000
20230330;12:45;19.9750000
20230330;13:15;19.9750000
20230330;13:30;20.0675000
20230330;13:45;20.0000000
20230330;14:00;20.0200000
20230330;14:15;20.0950000
20230330;14:30;20.1000000
20230330;15:00;20.0975000
20230330;15:45;20.0000000
20230330;16:00;19.9800000
20230330;16:15;19.9750000
20230330;16:30;19.9825000
20230330;17:15;20.0200000
20230330;17:30;20.0200000
20230330;18:00;19.9875000
20230330;18:15;20.0925000
20230330;18:30;19.9800000
20230330;18:45;19.9875000
20230330;19:00;19.9875000
20230331;7:15;19.9875000
20230331;8:00;19.9875000
20230331;9:00;19.9750000
20230331;9:15;19.9875000
20230331;9:30;19.9750000
20230331;9:45;20.0775000
20230331;10:00;19.9775000
20230331;10:15;19.9750000
20230331;10:30;19.9900000
20230331;10:45;19.9750000
20230331;11:00;19.9975000
20230331;11:15;19.9975000
20230331;11:30;19.9975000
20230331;11:45;19.9975000
20230331;12:00;19.9975000
20230331;12:15;19.9975000
20230331;12:30;19.9975000
20230331;12:45;19.9975000
20230331;13:00;19.9975000
20230331;13:15;20.0575000
20230331;13:30;20.0500000
20230331;13:45;20.0500000
20230331;14:00;20.0500000
20230331;14:15;20.0000000
20230331;14:30;20.1400000
20230331;15:00;20.0625000
20230331;15:15;20.0800000
20230331;15:30;20.0825000
20230331;16:00;20.1025000
20230331;16:15;20.1300000
20230331;16:30;20.1300000
20230331;16:45;20.1500000
20230331;17:00;20.1975000
20230331;17:15;20.1100000
20230331;17:30;20.1075000
20230331;17:45;20.1000000
20230331;18:00;20.0800000
20230331;18:30;20.0750000
20230331;18:45;20.1975000
20230403;7:30;19.9725000
20230403;8:15;19.9725000
20230403;8:30;20.2000000
20230403;9:30;20.2000000
20230403;9:45;20.6125000
20230403;10:00;20.1975000
20230403;10:15;20.0000000
20230403;10:30;20.0975000
20230403;10:45;20.1025000
20230403;11:15;20.2975000
20230403;11:30;20.1700000
20230403;11:45;20.1675000
20230403;12:00;20.1500000
20230403;12:15;20.1975000
20230403;12:45;20.1525000
20230403;13:30;20.2950000
20230403;13:45;20.2950000
20230403;14:15;20.2100000
20230403;14:45;20.2950000
20230403;15:00;20.2500000
20230403;15:15;20.2625000
20230403;15:30;20.2975000
20230403;15:45;20.4775000
20230403;16:00;20.4775000
20230403;16:15;20.3525000
20230403;16:45;20.4800000
20230403;17:15;20.4775000
20230403;17:30;20.2625000
20230403;19:00;20.4775000
20230404;7:45;20.4400000
20230404;8:00;20.4400000
20230404;9:15;20.4400000
20230404;10:00;20.3500000
20230404;10:15;20.5000000
20230404;10:30;20.5925000
20230404;10:45;20.4025000
20230404;11:00;20.6150000
20230404;11:15;20.6150000
20230404;11:30;20.4125000
20230404;11:45;20.5825000
20230404;12:00;20.5775000
20230404;12:15;20.6175000
20230404;12:30;20.5750000
20230404;12:45;20.5975000
20230404;13:45;20.5825000
20230404;14:00;20.5900000
20230404;14:15;20.5025000
20230404;14:30;20.5800000
20230404;14:45;20.5675000
20230404;15:00;20.5500000
20230404;15:15;20.5000000
20230404;16:00;20.4225000
20230404;16:45;20.4275000
20230404;17:00;20.5475000
20230404;17:45;20.5025000
20230404;18:15;20.5025000
20230404;19:00;20.6000000
20230405;8:15;20.6000000
20230405;9:30;20.6000000
20230405;10:15;20.5100000
20230405;10:30;20.5200000
20230405;10:45;21.1425000
20230405;11:00;20.7000000
20230405;11:30;20.6350000
20230405;11:45;20.6350000
20230405;12:00;20.6350000
20230405;12:30;20.5275000
20230405;12:45;20.6000000
20230405;13:00;20.5525000
20230405;13:15;20.5625000
20230405;13:30;20.5675000
20230405;13:45;20.6350000
20230405;14:00;20.6350000
20230405;14:15;20.6350000
20230405;14:30;20.6350000
20230405;15:00;20.6350000
20230405;15:15;20.6350000
20230405;15:30;20.6350000
20230405;15:45;20.5675000
20230405;16:00;20.6025000
20230405;16:30;21.0875000
20230405;16:45;20.6250000
20230405;17:00;21.0875000
20230405;17:30;21.0875000
20230405;17:45;21.0000000
20230405;18:00;20.9950000
20230405;18:15;20.9975000
20230405;18:45;20.6325000
20230405;19:00;20.6325000
20230406;7:15;20.2700000
20230406;7:30;21.0975000
20230406;8:15;20.7000000
20230406;9:15;21.0950000
20230406;9:30;20.8500000
20230406;10:00;20.7550000
20230406;10:15;20.7550000
20230406;11:00;21.0850000
20230406;11:15;20.7625000
20230406;11:30;21.0800000
20230406;11:45;21.0775000
20230406;12:00;21.0000000
20230406;12:15;21.0000000
20230406;12:30;20.9925000
20230406;12:45;20.9925000
20230406;13:00;20.9700000
20230406;13:15;20.9000000
20230406;13:30;20.9750000
20230406;13:45;20.8025000
20230406;14:00;20.9925000
20230406;14:15;20.9900000
20230406;14:30;21.0000000
20230406;15:00;21.0975000
20230406;15:30;21.0975000
20230406;15:45;20.9625000
20230406;16:00;20.9600000
20230406;16:30;21.0975000
20230406;16:45;20.9125000
20230406;17:00;20.9700000
20230406;17:15;20.9125000
20230406;17:30;20.9700000
20230406;17:45;20.9200000
20230406;18:00;21.0000000
20230406;18:15;21.0000000
20230406;18:30;21.1875000
20230406;18:45;21.1875000
20230406;19:00;21.3000000
20230407;7:30;21.2975000
20230407;8:00;21.3000000
20230407;8:15;21.0025000
20230407;9:00;21.4975000
20230407;9:15;21.4975000
20230407;9:45;21.7975000
20230407;10:00;21.2400000
20230407;10:15;21.2650000
20230407;10:30;21.2975000
20230407;10:45;21.2975000
20230407;11:00;21.2975000
20230407;11:15;21.2600000
20230407;11:30;21.2500000
20230407;11:45;21.2975000
20230407;12:00;21.2975000
20230407;12:15;21.2000000
20230407;12:30;21.2975000
20230407;12:45;21.2550000
20230407;13:00;21.5150000
20230407;13:15;21.5250000
20230407;13:30;21.5275000
20230407;13:45;21.1600000
20230407;14:00;21.2000000
20230407;14:15;21.2000000
20230407;14:30;21.0000000
20230407;14:45;20.9850000
20230407;15:00;21.4875000
20230407;15:15;20.9200000
20230407;15:30;20.9475000
20230407;15:45;21.4875000
20230407;16:00;20.8575000
20230407;16:15;20.8000000
20230407;16:30;21.4850000
20230407;16:45;20.8000000
20230407;18:00;20.8300000
20230407;18:15;21.1250000
20230407;18:30;21.1250000
20230410;7:15;20.8000000
20230410;7:30;21.0500000
20230410;8:45;20.8125000
20230410;9:00;20.9000000
20230410;9:15;21.0000000
20230410;9:30;21.0475000
20230410;9:45;21.0475000
20230410;10:15;21.0500000
20230410;10:30;21.0000000
20230410;10:45;21.1000000
20230410;11:00;21.1125000
20230410;11:15;21.1125000
20230410;11:30;21.0200000
20230410;11:45;20.9500000
20230410;12:00;21.1425000
20230410;12:15;21.0000000
20230410;12:30;21.0000000
20230410;12:45;21.1275000
20230410;13:00;21.0000000
20230410;13:15;20.9275000
20230410;13:30;20.9400000
20230410;14:00;21.1375000
20230410;14:45;21.0025000
20230410;15:00;21.1225000
20230410;15:30;21.0625000
20230410;15:45;21.0050000
20230410;16:00;21.0850000
20230410;16:15;21.1000000
20230410;16:30;21.1050000
20230410;16:45;21.1425000
20230410;17:00;21.1000000
20230410;17:15;21.3975000
20230410;17:30;21.3975000
20230410;17:45;21.1000000
20230410;18:15;21.2475000
20230410;18:30;21.1050000
20230410;18:45;21.2475000
20230410;19:00;21.2475000
20230411;8:00;21.4475000
20230411;8:30;21.4000000
20230411;8:45;21.2150000
20230411;9:30;21.2075000
20230411;10:15;21.1300000
20230411;10:30;21.2150000
20230411;10:45;21.1300000
20230411;11:00;21.1850000
20230411;11:15;21.1850000
20230411;11:30;21.1000000
20230411;11:45;21.1775000
20230411;12:00;21.2000000
20230411;12:15;21.1500000
20230411;12:30;21.2000000
20230411;12:45;21.1500000
20230411;13:00;21.1975000
20230411;13:15;21.1500000
20230411;13:30;21.1975000
20230411;14:00;21.0200000
20230411;14:15;21.2325000
20230411;14:45;21.2325000
20230411;15:00;21.2000000
20230411;15:15;21.2000000
20230411;15:45;21.3975000
20230411;16:45;21.2000000
20230411;17:00;21.2100000
20230411;17:15;21.2500000
20230411;17:30;21.1500000
20230411;17:45;21.4000000
20230411;18:00;21.3975000
20230411;18:15;21.3975000
20230411;18:30;21.3975000
20230411;18:45;21.3975000
20230411;19:00;21.3850000
20230412;8:15;21.5000000
20230412;8:30;21.4500000
20230412;9:00;21.5975000
20230412;9:15;21.4500000
20230412;9:30;21.3000000
20230412;10:00;21.4975000
20230412;10:15;21.3000000
20230412;10:30;21.2375000
20230412;10:45;21.2000000
20230412;11:00;21.2375000
20230412;11:15;21.2275000
20230412;11:30;21.2200000
20230412;11:45;21.2075000
20230412;12:00;21.2150000
20230412;12:15;21.2075000
20230412;12:30;21.2000000
20230412;12:45;21.2075000
20230412;13:00;21.2075000
20230412;13:15;21.1950000
20230412;13:30;21.2275000
20230412;13:45;21.2175000
20230412;14:00;21.2100000
20230412;14:15;21.2225000
20230412;14:30;21.3275000
20230412;15:15;21.2475000
20230412;15:30;21.2125000
20230412;15:45;21.2100000
20230412;16:00;21.3225000
20230412;16:45;21.2975000
20230412;17:15;21.2000000
20230412;17:30;21.2000000
20230412;17:45;21.2975000
20230412;18:30;21.3225000
20230412;18:45;21.1700000
20230413;7:30;21.2100000
20230413;7:45;21.2100000
20230413;8:00;21.4975000
20230413;8:15;21.4975000
20230413;8:30;21.4975000
20230413;10:15;21.2475000
20230413;10:30;21.2375000
20230413;10:45;21.2300000
20230413;11:00;21.1900000
20230413;11:15;21.1900000
20230413;11:30;21.1500000
20230413;11:45;21.1650000
20230413;12:00;21.1550000
20230413;12:15;21.1025000
20230413;13:00;21.1350000
20230413;13:15;21.1350000
20230413;14:15;21.1000000
20230413;14:30;21.1550000
20230413;14:45;21.1000000
20230413;15:30;21.1675000
20230413;15:45;21.1675000
20230413;16:00;21.1675000
20230413;16:15;21.0700000
20230413;16:30;21.1925000
20230413;16:45;21.0725000
20230413;18:30;21.3975000
20230413;18:45;21.0725000
20230413;19:00;21.4000000
20230414;7:45;22.0250000
20230414;8:15;22.0550000
20230414;8:45;20.9025000
20230414;9:30;21.0150000
20230414;9:45;21.2200000
20230414;10:00;21.1000000
20230414;10:15;21.2275000
20230414;10:30;21.0825000
20230414;10:45;21.1125000
20230414;11:00;21.1200000
20230414;11:15;21.1550000
20230414;11:30;21.1350000
20230414;11:45;21.1150000
20230414;12:15;21.1550000
20230414;12:30;21.0525000
20230414;12:45;21.1550000
20230414;13:00;21.1325000
20230414;13:15;21.1200000
20230414;13:45;21.1125000
20230414;14:00;21.1025000
20230414;14:15;21.1550000
20230414;14:30;21.1025000
20230414;14:45;21.2225000
20230414;15:00;21.2000000
20230414;15:15;21.2000000
20230414;15:45;21.1025000
20230414;16:00;21.2200000
20230414;16:15;21.2000000
20230414;16:30;21.1025000
20230414;16:45;21.1775000
20230414;17:00;21.1025000
20230414;17:15;21.2275000
20230414;17:30;21.1025000
20230414;17:45;21.2275000
20230414;18:00;21.2275000
20230414;18:15;21.2275000
20230414;19:00;21.2275000
20230417;7:45;21.2450000
20230417;8:00;21.1025000
20230417;8:15;21.4500000
20230417;9:00;21.2450000
20230417;9:30;21.4500000
20230417;9:45;21.1700000
20230417;10:00;21.3275000
20230417;10:15;21.1025000
20230417;10:30;21.2900000
20230417;10:45;21.2800000
20230417;11:00;21.2950000
20230417;11:15;21.1175000
20230417;11:30;21.2475000
20230417;11:45;21.2075000
20230417;12:00;21.1875000
20230417;12:15;21.0000000
20230417;12:30;21.1100000
20230417;12:45;21.1050000
20230417;13:00;21.1175000
20230417;13:30;21.1750000
20230417;13:45;21.2950000
20230417;14:00;21.1150000
20230417;14:15;21.1150000
20230417;14:30;21.1800000
20230417;14:45;21.1425000
20230417;15:00;21.1450000
20230417;15:15;21.1450000
20230417;15:30;21.1525000
20230417;16:15;21.1375000
20230417;16:30;21.1025000
20230417;16:45;21.1500000
20230417;17:00;21.1025000
20230417;17:15;21.1025000
20230417;17:45;21.1025000
20230417;18:00;21.1575000
20230417;18:15;21.1600000
20230417;18:30;21.4000000
20230417;18:45;21.4000000
20230417;19:00;21.1000000
20230418;7:30;21.3975000
20230418;7:45;21.1025000
20230418;8:45;21.3975000
20230418;9:00;21.1000000
20230418;10:00;21.1075000
20230418;10:15;21.1725000
20230418;10:30;21.0600000
20230418;11:15;21.0600000
20230418;11:30;21.1475000
20230418;11:45;21.1600000
20230418;12:00;21.1600000
20230418;12:15;21.1500000
20230418;12:30;21.1375000
20230418;12:45;21.1425000
20230418;13:00;21.1400000
20230418;13:15;21.1200000
20230418;13:30;21.1375000
20230418;13:45;21.1000000
20230418;14:00;21.1350000
20230418;14:15;21.1250000
20230418;14:30;21.1400000
20230418;14:45;21.1200000
20230418;15:00;21.1000000
20230418;15:15;21.1000000
20230418;15:30;21.3975000
20230418;16:15;21.1100000
20230418;17:00;21.1800000
20230418;17:15;21.1100000
20230418;18:00;21.2000000
20230418;18:15;21.2000000
20230418;18:30;21.2000000
20230418;18:45;21.2000000
20230418;19:00;21.2000000
20230419;7:45;21.3975000
20230419;8:30;21.3975000
20230419;9:30;21.3950000
20230419;10:30;21.1675000
20230419;10:45;21.1750000
20230419;11:00;21.1500000
20230419;11:15;21.1650000
20230419;11:30;21.0625000
20230419;11:45;21.0625000
20230419;12:15;21.1700000
20230419;12:30;21.1625000
20230419;12:45;21.1650000
20230419;13:00;21.1550000
20230419;13:15;21.1000000
20230419;13:30;21.1000000
20230419;14:00;21.1725000
20230419;14:15;21.1825000
20230419;14:30;21.1900000
20230419;14:45;21.1900000
20230419;15:00;21.1900000
20230419;15:15;21.1900000
20230419;15:45;21.1700000
20230419;16:00;21.1700000
20230419;16:15;21.1700000
20230419;16:30;21.1750000
20230419;17:00;21.3950000
20230419;17:30;21.1800000
20230419;17:45;21.1800000
20230419;18:45;21.1825000
20230419;19:00;21.1825000
20230420;7:30;21.3900000
20230420;7:45;22.4425000
20230420;8:30;22.4350000
20230420;9:00;22.4000000
20230420;9:30;22.0500000
20230420;9:45;21.2875000
20230420;10:00;21.2875000
20230420;10:30;21.1250000
20230420;10:45;21.2000000
20230420;11:00;21.2775000
20230420;11:15;21.2500000
20230420;11:30;21.2425000
20230420;11:45;21.2300000
20230420;12:00;21.1275000
20230420;12:15;21.2275000
20230420;12:30;21.1300000
20230420;12:45;21.2325000
20230420;13:00;21.2250000
20230420;13:15;21.2250000
20230420;13:30;21.0700000
20230420;13:45;21.2300000
20230420;14:00;21.2675000
20230420;14:15;21.2275000
20230420;14:30;21.1800000
20230420;14:45;21.1975000
20230420;15:15;21.1975000
20230420;15:30;21.1975000
20230420;15:45;21.1975000
20230420;16:00;21.1975000
20230420;16:15;21.2000000
20230420;16:30;21.2000000
20230420;16:45;21.2000000
20230420;17:00;21.2000000
20230420;17:15;21.1200000
20230420;17:30;21.1975000
20230420;17:45;21.1875000
20230420;18:00;21.1975000
20230420;18:30;21.1975000
20230420;18:45;21.1975000
20230420;19:00;21.1600000
20230421;7:15;21.2975000
20230421;7:45;21.2975000
20230421;8:00;21.2975000
20230421;8:45;21.2975000
20230421;9:15;21.2975000
20230421;9:30;21.2975000
20230421;10:15;21.2450000
20230421;10:30;21.1025000
20230421;10:45;21.2475000
20230421;11:00;21.2425000
20230421;11:15;21.0800000
20230421;11:30;21.0900000
20230421;11:45;21.2475000
20230421;12:00;21.0900000
20230421;12:15;21.0900000
20230421;12:30;21.0900000
20230421;12:45;21.0900000
20230421;13:00;21.0900000
20230421;13:15;21.0900000
20230421;13:30;21.1200000
20230421;13:45;21.2475000
20230421;14:00;21.4950000
20230421;14:15;21.0900000
20230421;14:30;21.2000000
20230421;14:45;21.0900000
20230421;15:00;21.3000000
20230421;15:30;21.1100000
20230421;15:45;21.1500000
20230421;16:15;21.3000000
20230421;16:30;21.3000000
20230421;17:15;21.3000000
20230421;17:30;21.3000000
20230421;18:30;21.2700000
20230421;19:00;21.3500000
20230424;7:15;21.3500000
20230424;9:15;21.3500000
20230424;9:45;21.3775000
20230424;10:00;21.3675000
20230424;10:15;21.1000000
20230424;10:45;21.2975000
20230424;11:00;21.1000000
20230424;11:15;21.0800000
20230424;11:45;21.0800000
20230424;12:15;21.0800000
20230424;12:30;21.0000000
20230424;12:45;21.2975000
20230424;13:00;21.2975000
20230424;13:15;21.2975000
20230424;14:15;21.2975000
20230424;14:30;21.2975000
20230424;14:45;21.3000000
20230424;15:00;21.3000000
20230424;15:15;21.3000000
20230424;15:30;21.2000000
20230424;15:45;21.2100000
20230424;16:00;21.1000000
20230424;16:30;21.3475000
20230424;16:45;21.3450000
20230424;17:00;21.3425000
20230424;17:30;21.3475000
20230424;18:00;21.0800000
20230424;18:45;21.0800000
20230425;8:15;21.0325000
20230425;9:30;21.0300000
20230425;9:45;21.1050000
20230425;10:15;21.0800000
20230425;10:30;21.1975000
20230425;10:45;21.1775000
20230425;11:00;21.1700000
20230425;11:30;21.1000000
20230425;11:45;21.2900000
20230425;12:00;21.2025000
20230425;12:15;21.1925000
20230425;12:30;21.1650000
20230425;12:45;21.0500000
20230425;13:00;21.0500000
20230425;13:15;21.0325000
20230425;13:30;21.1800000
20230425;13:45;21.1900000
20230425;14:00;21.0325000
20230425;14:15;21.0325000
20230425;14:30;21.2725000
20230425;15:00;21.2000000
20230425;15:15;21.2975000
20230425;16:15;21.2950000
20230425;16:30;21.2950000
20230425;16:45;21.2925000
20230425;17:00;21.2925000
20230425;17:15;21.2925000
20230425;17:30;21.1700000
20230425;17:45;21.1700000
20230425;18:00;21.2925000
20230425;18:15;21.2950000
20230425;19:00;21.4500000
20230426;7:45;21.3975000
20230426;8:00;21.0525000
20230426;9:00;21.3975000
20230426;10:00;21.1025000
20230426;10:15;21.1950000
20230426;10:30;21.1100000
20230426;10:45;21.1900000
20230426;11:00;21.1850000
20230426;11:15;21.2075000
20230426;11:30;21.2000000
20230426;11:45;21.1950000
20230426;12:00;21.1975000
20230426;12:15;21.1900000
20230426;12:30;21.3975000
20230426;12:45;21.3975000
20230426;13:15;21.9975000
20230426;13:30;21.4900000
20230426;14:15;21.2000000
20230426;14:30;21.9975000
20230426;14:45;22.0000000
20230426;15:00;21.2500000
20230426;15:30;21.3775000
20230426;15:45;21.2500000
20230426;16:00;21.2100000
20230426;17:00;21.6975000
20230426;18:00;21.2100000
20230426;18:15;21.2000000
20230426;18:45;21.6800000
20230426;19:00;21.9000000
20230427;9:30;21.2300000
20230427;10:15;21.2125000
20230427;10:30;21.7025000
20230427;10:45;21.2075000
20230427;11:00;21.2075000
20230427;11:15;21.2050000
20230427;11:30;21.2050000
20230427;11:45;21.2050000
20230427;12:00;21.1850000
20230427;12:15;21.1800000
20230427;12:30;21.1875000
20230427;12:45;21.1875000
20230427;13:00;21.1875000
20230427;13:15;21.1825000
20230427;13:30;21.1800000
20230427;13:45;21.2050000
20230427;14:00;21.1600000
20230427;14:15;21.1000000
20230427;14:45;21.2050000
20230427;15:00;21.1050000
20230427;15:30;21.2050000
20230427;16:30;21.1050000
20230427;16:45;21.0525000
20230427;17:00;21.0450000
20230427;17:30;21.3500000
20230427;18:15;21.0250000
20230427;18:45;21.0300000
20230427;19:00;21.3700000
20230428;7:30;21.0850000
20230428;9:15;21.3075000
20230428;9:30;21.0850000
20230428;9:45;21.3075000
20230428;10:00;21.3075000
20230428;10:15;21.3075000
20230428;10:30;21.1750000
20230428;10:45;21.1675000
20230428;11:00;21.1250000
20230428;11:15;21.0925000
20230428;11:30;21.0850000
20230428;11:45;21.0850000
20230428;12:00;21.0525000
20230428;12:15;21.0300000
20230428;12:30;21.0400000
20230428;12:45;20.9325000
20230428;13:00;20.9175000
20230428;13:15;20.9000000
20230428;13:30;20.8775000
20230428;13:45;20.7700000
20230428;14:00;20.8000000
20230428;14:15;20.5500000
20230428;14:30;20.5500000
20230428;14:45;20.5725000
20230428;15:00;20.9925000
20230428;15:15;20.8000000
20230428;15:45;20.5975000
20230428;16:00;20.6000000
20230428;16:15;20.5200000
20230428;16:45;20.8975000
20230428;18:00;20.8775000
20230428;18:15;20.8975000
20230428;18:30;20.8975000
20230428;18:45;20.8975000
20230428;19:00;20.8975000
20230502;7:45;20.2300000
20230502;8:15;20.9475000
20230502;8:30;20.9000000
20230502;9:00;20.9475000
20230502;9:15;20.9475000
20230502;9:30;20.9475000
20230502;9:45;20.9500000
20230502;10:15;20.9775000
20230502;10:30;20.8350000
20230502;10:45;20.8250000
20230502;11:00;20.7750000
20230502;11:15;20.9475000
20230502;11:30;20.9475000
20230502;11:45;20.8575000
20230502;12:00;20.8575000
20230502;12:15;20.7575000
20230502;12:30;20.7000000
20230502;12:45;20.8575000
20230502;13:00;20.8575000
20230502;13:15;20.8525000
20230502;13:30;20.6525000
20230502;13:45;20.6525000
20230502;14:00;20.6500000
20230502;14:30;20.6775000
20230502;14:45;20.6925000
20230502;15:00;20.6925000
20230502;15:15;20.8525000
20230502;15:30;20.8525000
20230502;16:00;20.6500000
20230502;16:15;20.8525000
20230502;16:30;20.8525000
20230502;16:45;20.6500000
20230502;17:00;20.8500000
20230502;17:15;20.8525000
20230502;17:30;20.8525000
20230502;18:00;20.6500000
20230502;18:15;20.8575000
20230502;18:30;20.8975000
20230502;18:45;20.6500000
20230502;19:00;20.6500000
20230503;9:00;20.8475000
20230503;9:30;20.2500000
20230503;9:45;20.7350000
20230503;10:00;20.6800000
20230503;10:15;20.5500000
20230503;10:30;20.6325000
20230503;10:45;20.6425000
20230503;11:00;20.6400000
20230503;11:15;20.3950000
20230503;11:30;20.3550000
20230503;11:45;20.3275000
20230503;12:00;20.5400000
20230503;12:15;20.5500000
20230503;12:30;20.5975000
20230503;12:45;20.4000000
20230503;13:00;20.5675000
20230503;13:15;20.5825000
20230503;13:30;20.5875000
20230503;14:15;20.6000000
20230503;15:00;20.4225000
20230503;15:15;20.6000000
20230503;15:30;20.3525000
20230503;15:45;20.6500000
20230503;16:00;20.3525000
20230503;16:15;20.6500000
20230503;16:30;20.7500000
20230503;16:45;20.7950000
20230503;17:15;20.5000000
20230503;17:30;20.4500000
20230503;17:45;20.5000000
20230503;18:30;21.0000000
20230503;18:45;20.9500000
20230503;19:00;20.9500000
20230504;8:30;20.8975000
20230504;8:45;20.5000000
20230504;10:00;20.6000000
20230504;10:15;20.6000000
20230504;10:30;20.5000000
20230504;10:45;20.6500000
20230504;11:00;20.6125000
20230504;11:15;20.5500000
20230504;11:30;20.5500000
20230504;11:45;20.4000000
20230504;12:00;20.3475000
20230504;12:15;20.4875000
20230504;12:30;20.5000000
20230504;12:45;20.5500000
20230504;13:00;20.5500000
20230504;13:15;20.5000000
20230504;13:30;20.3600000
20230504;13:45;20.5000000
20230504;14:00;20.4975000
20230504;14:15;20.3600000
20230504;14:30;20.3100000
20230504;14:45;20.4975000
20230504;15:00;20.3100000
20230504;15:15;20.4000000
20230504;15:30;20.3000000
20230504;16:00;20.2300000
20230504;16:15;20.2300000
20230504;16:30;20.2000000
20230504;17:00;20.2000000
20230504;17:15;20.2000000
20230504;17:45;20.2000000
20230504;18:00;20.5000000
20230504;18:30;20.2100000
20230504;18:45;20.2100000
20230504;19:00;20.4975000
20230505;7:15;21.0000000
20230505;7:30;20.2000000
20230505;9:00;20.9975000
20230505;9:15;20.5000000
20230505;9:30;20.9975000
20230505;10:00;20.2000000
20230505;10:15;20.1975000
20230505;10:30;20.0100000
20230505;10:45;20.1975000
20230505;11:00;20.0000000
20230505;11:15;19.9975000
20230505;11:30;20.1975000
20230505;11:45;20.1975000
20230505;12:00;19.9000000
20230505;12:15;19.9000000
20230505;12:30;20.1950000
20230505;13:00;20.1975000
20230505;13:15;20.1100000
20230505;13:30;19.9500000
20230505;13:45;20.2000000
20230505;14:30;20.1975000
20230505;15:00;20.1950000
20230505;15:15;20.1000000
20230505;15:30;20.1950000
20230505;15:45;20.1000000
20230505;16:00;20.0250000
20230505;16:15;20.0000000
20230505;16:30;20.0000000
20230505;16:45;20.0000000
20230505;17:00;20.5000000
20230505;17:45;20.8000000
20230505;18:00;20.8000000
20230505;18:15;20.0200000
20230505;18:30;20.0100000
20230505;18:45;20.2100000
20230505;19:00;20.0300000
20230508;8:45;20.2100000
20230508;9:30;20.1000000
20230508;9:45;20.0000000
20230508;10:15;21.3100000
20230508;10:30;21.2800000
20230508;11:30;20.8950000
20230508;12:15;20.8875000
20230508;12:45;20.0725000
20230508;13:15;20.0800000
20230508;13:30;20.0800000
20230508;14:00;20.8875000
20230508;14:15;20.0800000
20230508;14:30;20.0800000
20230508;16:15;20.8850000
20230508;16:45;20.1600000
20230508;17:00;20.1625000
20230508;18:15;20.8750000
20230508;18:30;20.8750000
20230508;19:00;20.8800000
20230510;8:15;20.8775000
20230510;8:30;20.2000000
20230510;9:15;20.0000000
20230510;10:15;20.2550000
20230510;10:30;20.2425000
20230510;10:45;20.1000000
20230510;11:00;20.0700000
20230510;11:15;20.1075000
20230510;11:30;20.0575000
20230510;11:45;20.0400000
20230510;12:00;19.9500000
20230510;12:15;20.1975000
20230510;12:45;20.0000000
20230510;13:15;19.9000000
20230510;13:30;20.1900000
20230510;13:45;19.9000000
20230510;14:00;19.8200000
20230510;14:30;19.9000000
20230510;14:45;19.8475000
20230510;15:00;19.8400000
20230510;15:15;19.8200000
20230510;15:30;19.9000000
20230510;15:45;19.8200000
20230510;16:00;20.2700000
20230510;16:15;20.2700000
20230510;17:15;20.2700000
20230510;17:30;19.8500000
20230510;17:45;20.2475000
20230510;18:00;20.1975000
20230510;18:30;20.0000000
20230510;18:45;19.9975000
20230510;19:00;20.1100000
20230511;9:15;19.8100000
20230511;9:30;19.7100000
20230511;9:45;19.7000000
20230511;10:00;19.8675000
20230511;10:15;19.5025000
20230511;10:30;19.5550000
20230511;10:45;19.5200000
20230511;11:00;19.5225000
20230511;11:15;19.5000000
20230511;11:30;19.5000000
20230511;11:45;19.7875000
20230511;12:00;19.7875000
20230511;12:15;20.0500000
20230511;12:30;19.6000000
20230511;12:45;20.1100000
20230511;13:00;20.0900000
20230511;13:45;20.0975000
20230511;14:15;20.0675000
20230511;14:45;20.0675000
20230511;15:00;20.0425000
20230511;15:15;20.0000000
20230511;15:30;20.0975000
20230511;15:45;20.0975000
20230511;16:00;19.8525000
20230511;16:15;20.0975000
20230511;16:45;19.8700000
20230511;17:00;19.9000000
20230511;17:30;20.0500000
20230511;17:45;20.0950000
20230511;18:15;19.8700000
20230511;18:45;20.0675000
20230512;9:15;20.0100000
20230512;9:30;20.0675000
20230512;10:00;20.0025000
20230512;10:15;19.9500000
20230512;10:45;19.9525000
20230512;11:00;20.0475000
20230512;11:15;20.0475000
20230512;11:30;20.0500000
20230512;11:45;19.8525000
20230512;12:30;19.9250000
20230512;12:45;20.0875000
20230512;13:15;20.1000000
20230512;13:30;20.1200000
20230512;14:00;20.1550000
20230512;14:30;20.1200000
20230512;14:45;20.2675000
20230512;15:15;20.2575000
20230512;15:30;20.1200000
20230512;15:45;20.2650000
20230512;16:00;20.1875000
20230512;16:30;20.0025000
20230512;17:00;20.2050000
20230512;17:15;20.2025000
20230512;17:30;20.2050000
20230512;17:45;20.2000000
20230512;18:00;20.3000000
20230512;18:15;20.2000000
20230515;9:00;20.6000000
20230515;9:15;20.0525000
20230515;9:30;20.0125000
20230515;9:45;20.0625000
20230515;10:00;20.2500000
20230515;10:15;20.5000000
20230515;10:45;20.3100000
20230515;11:00;20.5000000
20230515;11:15;20.5000000
20230515;11:30;20.5000000
20230515;11:45;20.5900000
20230515;12:00;20.3375000
20230515;12:15;20.6000000
20230515;12:45;20.6050000
20230515;13:00;20.6150000
20230515;13:15;20.6175000
20230515;13:30;20.6175000
20230515;13:45;20.6950000
20230515;14:00;20.6725000
20230515;14:15;20.6500000
20230515;14:30;20.5000000
20230515;14:45;20.4500000
20230515;15:00;20.7850000
20230515;15:15;20.3050000
20230515;15:30;20.5500000
20230515;15:45;20.3100000
20230515;16:00;20.5475000
20230515;16:15;20.4975000
20230515;16:45;20.4500000
20230515;17:00;20.4500000
20230515;17:15;20.4500000
20230515;17:30;20.4500000
20230515;18:15;20.3000000
20230516;7:15;20.5000000
20230516;8:15;20.5000000
20230516;9:15;20.5000000
20230516;9:30;20.5000000
20230516;9:45;20.5900000
20230516;10:00;20.5100000
20230516;10:15;20.5900000
20230516;10:30;20.5700000
20230516;11:00;20.5400000
20230516;11:30;20.5625000
20230516;13:00;20.8000000
20230516;13:15;20.8125000
20230516;13:30;20.8000000
20230516;14:00;20.6475000
20230516;14:15;20.6525000
20230516;14:30;20.8475000
20230516;15:45;20.8000000
20230516;16:15;20.8400000
20230516;16:30;20.8500000
20230516;17:00;20.8500000
20230516;18:00;20.9000000
20230516;18:45;20.8700000
20230516;19:00;20.9000000
20230517;7:30;20.8000000
20230517;9:15;20.9000000
20230517;9:30;20.7000000
20230517;9:45;20.7125000
20230517;10:00;20.7450000
20230517;10:15;20.7700000
20230517;10:30;20.9700000
20230517;11:00;21.0375000
20230517;11:45;20.7500000
20230517;12:00;20.9500000
20230517;12:30;20.9500000
20230517;13:00;20.8275000
20230517;13:30;20.9975000
20230517;14:00;21.0000000
20230517;14:15;21.0000000
20230517;14:45;21.1375000
20230517;15:00;21.1975000
20230517;15:15;21.1000000
20230517;15:30;21.0800000
20230517;15:45;21.0000000
20230517;16:00;21.0000000
20230517;16:15;20.7625000
20230517;16:45;20.8000000
20230517;17:30;20.9950000
20230517;18:00;20.9950000
20230517;18:15;20.9950000
20230517;18:30;20.7700000
20230517;19:00;21.1000000
20230518;7:15;21.0000000
20230518;9:00;21.0000000
20230518;9:15;20.8900000
20230518;9:45;20.8100000
20230518;10:15;20.8200000
20230518;10:45;20.9325000
20230518;11:00;20.9300000
20230518;11:15;20.9075000
20230518;11:30;20.7800000
20230518;11:45;20.8175000
20230518;12:00;20.8350000
20230518;12:15;20.8600000
20230518;12:30;20.8650000
20230518;12:45;20.8800000
20230518;13:00;20.8950000
20230518;13:15;21.1150000
20230518;13:30;21.1175000
20230518;14:00;21.1475000
20230518;14:15;20.7850000
20230518;14:30;20.8550000
20230518;14:45;20.7500000
20230518;15:00;20.8200000
20230518;15:30;21.0850000
20230518;15:45;21.0850000
20230518;16:15;20.7500000
20230518;17:00;20.8025000
20230519;8:00;21.1000000
20230519;9:30;21.1000000
20230519;9:45;20.8050000
20230519;10:00;20.8025000
20230519;10:15;20.8000000
20230519;10:30;20.8875000
20230519;10:45;20.7800000
20230519;11:00;20.8875000
20230519;11:15;20.7525000
20230519;11:45;20.8975000
20230519;12:00;20.7550000
20230519;12:15;20.8975000
20230519;12:30;20.7500000
20230519;12:45;20.8950000
20230519;13:00;20.7500000
20230519;13:15;20.7500000
20230519;13:45;20.8950000
20230519;14:00;20.8975000
20230519;14:15;20.7525000
20230519;14:30;20.7525000
20230519;14:45;20.8650000
20230519;15:00;20.8975000
20230519;15:15;20.8825000
20230519;15:30;20.7900000
20230519;16:00;20.8000000
20230519;16:30;20.8000000
20230519;17:30;20.9950000
20230519;17:45;20.9000000
20230519;18:00;20.9000000
20230519;18:15;20.8000000
20230519;18:30;20.8000000
20230522;7:30;20.6025000
20230522;7:45;20.6025000
20230522;8:30;21.0000000
20230522;9:00;20.7025000
20230522;9:30;21.0000000
20230522;9:45;21.2875000
20230522;10:00;20.7025000
20230522;10:30;20.7050000
20230522;10:45;20.8500000
20230522;11:00;20.7500000
20230522;11:15;20.6500000
20230522;11:30;20.7475000
20230522;12:00;20.6500000
20230522;12:15;20.7500000
20230522;12:30;20.7500000
20230522;12:45;20.6450000
20230522;13:00;20.7500000
20230522;13:15;20.6500000
20230522;13:30;20.7450000
20230522;13:45;20.6500000
20230522;14:00;20.7500000
20230522;14:15;20.7500000
20230522;14:30;20.7400000
20230522;14:45;20.7400000
20230522;15:00;20.7100000
20230522;15:30;20.7225000
20230522;15:45;20.7375000
20230522;16:00;20.7400000
20230522;16:15;20.7400000
20230522;16:45;20.7500000
20230522;17:30;20.7500000
20230522;18:30;20.7600000
20230522;18:45;20.7600000
20230522;19:00;21.2300000
20230523;7:15;21.2300000
20230523;8:45;20.7500000
20230523;9:45;20.8675000
20230523;10:00;20.8600000
20230523;10:30;20.7025000
20230523;11:00;20.8525000
20230523;11:15;20.7500000
20230523;11:30;20.7500000
20230523;12:00;20.7300000
20230523;12:30;20.8775000
20230523;12:45;20.7500000
20230523;13:00;20.8350000
20230523;13:15;20.8100000
20230523;13:45;20.7000000
20230523;14:00;20.8275000
20230523;14:15;20.7000000
20230523;14:30;20.7100000
20230523;15:15;20.7125000
20230523;15:30;20.8175000
20230523;15:45;20.7100000
20230523;16:15;20.9475000
20230523;16:30;20.9475000
20230523;16:45;20.9475000
20230523;17:00;20.9475000
20230523;17:30;20.8550000
20230523;17:45;20.7100000
20230523;18:00;20.9475000
20230523;18:15;20.7125000
20230524;9:15;20.9600000
20230524;9:45;20.7000000
20230524;10:00;20.7050000
20230524;10:30;20.8000000
20230524;11:00;20.7850000
20230524;11:30;20.6800000
20230524;11:45;20.7500000
20230524;12:00;20.7675000
20230524;12:15;20.7700000
20230524;12:30;20.7650000
20230524;12:45;20.7000000
20230524;13:00;20.7975000
20230524;13:15;20.7750000
20230524;13:30;20.7775000
20230524;13:45;20.7000000
20230524;14:00;20.7600000
20230524;14:15;20.7525000
20230524;14:30;20.7000000
20230524;14:45;20.7000000
20230524;15:30;20.8975000
20230524;15:45;20.8975000
20230524;16:45;20.7250000
20230524;17:00;20.7250000
20230524;17:15;20.8975000
20230524;17:45;20.7250000
20230524;18:00;20.8500000
20230525;9:00;20.9000000
20230525;9:15;20.7000000
20230525;9:45;20.7000000
20230525;10:00;20.7025000
20230525;10:15;20.7475000
20230525;10:30;20.8000000
20230525;10:45;20.8000000
20230525;11:00;20.8000000
20230525;11:15;20.7325000
20230525;11:30;20.8000000
20230525;11:45;20.8000000
20230525;12:00;20.7375000
20230525;12:15;20.8000000
20230525;12:30;20.7900000
20230525;12:45;20.7200000
20230525;13:15;20.7300000
20230525;13:30;20.7200000
20230525;14:00;20.7975000
20230525;14:15;20.8000000
20230525;14:30;20.8000000
20230525;14:45;20.8000000
20230525;15:30;20.8875000
20230525;16:45;20.8700000
20230525;17:00;20.8700000
20230525;17:15;20.9500000
20230525;17:30;20.9000000
20230525;17:45;20.9000000
20230525;18:45;20.9500000
20230525;19:00;20.8500000
20230526;7:30;21.1700000
20230526;9:15;20.8500000
20230526;9:45;20.8475000
20230526;10:00;20.8475000
20230526;10:15;20.7525000
20230526;10:30;20.8000000
20230526;10:45;20.8400000
20230526;11:00;20.9975000
20230526;11:30;20.8000000
20230526;11:45;20.9500000
20230526;12:00;20.9500000
20230526;12:15;20.9500000
20230526;12:30;21.2000000
20230526;13:15;21.2000000
20230526;13:30;21.4600000
20230526;14:00;21.2000000
20230526;14:15;21.4575000
20230526;14:30;21.4000000
20230526;14:45;21.0000000
20230526;15:00;21.4600000
20230526;15:15;21.4875000
20230526;15:30;21.5075000
20230526;15:45;21.5300000
20230526;16:00;21.5475000
20230526;16:15;21.6000000
20230526;16:30;21.6000000
20230526;16:45;21.5500000
20230526;17:00;21.5500000
20230526;17:15;21.5475000
20230526;17:30;21.5475000
20230526;17:45;21.5475000
20230526;18:00;21.6900000
20230526;19:00;21.5475000
20230529;7:45;20.9000000
20230529;8:15;21.4575000
20230529;9:15;20.8075000
20230529;10:30;21.1950000
20230529;10:45;20.9000000
20230529;11:00;20.8000000
20230529;11:45;21.1650000
20230529;12:00;21.1925000
20230529;12:30;20.8050000
20230529;12:45;20.8050000
20230529;13:00;20.8000000
20230529;13:30;20.8050000
20230529;13:45;20.8050000
20230529;14:00;20.8000000
20230529;14:15;20.8375000
20230529;14:45;21.1875000
20230529;15:00;20.8875000
20230529;15:15;20.8875000
20230529;15:30;21.1900000
20230529;15:45;20.8125000
20230529;16:45;20.8325000
20230529;17:00;21.0425000
20230529;17:15;20.9500000
20230529;17:45;20.8125000
20230529;18:30;20.9775000
20230529;18:45;20.8350000
20230529;19:00;20.8975000
20230530;7:30;21.0100000
20230530;7:45;20.8525000
20230530;9:00;21.0275000
20230530;9:15;21.0500000
20230530;9:45;21.0500000
20230530;10:15;21.0475000
20230530;10:30;20.9550000
20230530;10:45;20.9050000
20230530;11:00;20.8500000
20230530;11:15;20.9625000
20230530;11:30;20.9100000
20230530;11:45;20.8575000
20230530;12:00;20.9975000
20230530;12:30;20.8650000
20230530;12:45;20.8550000
20230530;13:00;20.9050000
20230530;13:15;21.0000000
20230530;13:30;20.9975000
20230530;13:45;20.8575000
20230530;14:15;20.8575000
20230530;15:00;20.9975000
20230530;15:15;20.9975000
20230530;15:30;20.8575000
20230530;15:45;20.8550000
20230530;16:00;20.8575000
20230530;16:15;20.9775000
20230530;16:30;20.9025000
20230530;16:45;20.9125000
20230530;17:00;21.0000000
20230530;17:15;21.0550000
20230530;17:30;21.0000000
20230530;17:45;21.0025000
20230530;18:30;21.0050000
20230531;7:15;21.0025000
20230531;7:30;21.0500000
20230531;9:00;21.0400000
20230531;9:15;21.0000000
20230531;9:30;20.9025000
20230531;9:45;20.9600000
20230531;10:00;21.0125000
20230531;10:15;21.0000000
20230531;11:00;21.0000000
20230531;11:30;21.0000000
20230531;12:15;21.0475000
20230531;12:30;21.0500000
20230531;12:45;21.0500000
20230531;13:15;21.0450000
20230531;13:30;21.0600000
20230531;13:45;21.0675000
20230531;14:00;20.9700000
20230531;14:15;21.0675000
20230531;14:45;20.9800000
20230531;15:00;20.9900000
20230531;15:15;21.0025000
20230531;16:15;21.0050000
20230531;16:30;21.0000000
20230531;17:15;21.1075000
20230531;17:45;21.0975000
20230601;9:30;21.0700000
20230601;10:00;20.9925000
20230601;10:15;21.0100000
20230601;10:30;21.0100000
20230601;11:00;21.0200000
20230601;11:15;21.0000000
20230601;11:30;20.9900000
20230601;11:45;20.9675000
20230601;12:00;20.9500000
20230601;12:15;20.9500000
20230601;12:30;20.9575000
20230601;12:45;20.9300000
20230601;13:15;20.9800000
20230601;13:30;20.9000000
20230601;13:45;20.9000000
20230601;14:45;20.9025000
20230601;15:00;21.0000000
20230601;15:15;21.0000000
20230601;15:30;21.1350000
20230601;16:45;21.1975000
20230601;17:30;20.9050000
20230601;18:30;20.9500000
20230601;18:45;20.9700000
20230601;19:00;21.0425000
20230602;7:30;21.3875000
20230602;9:00;21.3500000
20230602;9:15;20.9300000
20230602;9:45;21.0000000
20230602;10:30;20.9300000
20230602;10:45;20.9300000
20230602;11:00;20.9300000
20230602;11:15;20.9500000
20230602;11:45;20.9100000
20230602;12:00;20.9375000
20230602;12:15;20.8625000
20230602;12:30;20.8625000
20230602;12:45;20.9300000
20230602;13:00;20.9300000
20230602;13:15;20.9475000
20230602;13:30;20.9500000
20230602;13:45;20.9300000
20230602;14:00;20.9300000
20230602;14:30;20.9300000
20230602;14:45;21.1500000
20230602;15:00;21.0000000
20230602;15:15;21.0500000
20230602;15:45;20.9025000
20230602;16:00;20.9050000
20230602;16:15;20.9050000
20230602;16:30;21.0975000
20230602;17:15;21.0975000
20230602;18:00;21.0975000
20230602;18:30;21.0025000
20230602;19:00;21.0025000
20230605;7:30;21.1000000
20230605;9:30;21.1000000
20230605;9:45;20.9025000
20230605;10:00;21.2975000
20230605;10:15;21.1400000
20230605;10:30;20.9225000
20230605;10:45;20.9225000
20230605;11:00;20.9300000
20230605;11:15;21.0675000
20230605;11:45;21.0275000
20230605;12:00;20.9700000
20230605;12:15;21.0000000
20230605;13:15;21.0300000
20230605;13:30;21.0300000
20230605;14:15;21.0300000
20230605;14:30;21.0000000
20230605;14:45;21.0500000
20230605;15:30;21.3875000
20230605;15:45;21.0300000
20230605;16:15;21.0500000
20230605;16:30;21.2950000
20230605;16:45;21.3000000
20230605;17:00;21.3000000
20230605;17:15;20.9025000
20230605;17:30;20.9500000
20230605;17:45;20.9500000
20230605;18:00;20.9050000
20230605;18:15;20.9050000
20230605;18:30;21.1975000
20230606;9:30;20.9225000
20230606;10:15;20.9500000
20230606;10:30;20.9550000
20230606;10:45;20.9600000
20230606;11:00;21.0100000
20230606;12:00;21.0025000
20230606;12:15;21.0750000
20230606;12:30;21.0325000
20230606;13:00;21.0175000
20230606;13:15;21.0350000
20230606;13:30;21.0350000
20230606;14:00;21.0200000
20230606;14:15;21.0250000
20230606;15:00;21.0000000
20230606;15:45;21.0000000
20230606;16:00;21.1825000
20230606;16:45;21.0025000
20230606;18:00;21.1975000
20230606;18:30;21.1975000
20230607;8:30;21.7925000
20230607;8:45;21.0000000
20230607;9:45;21.0850000
20230607;10:00;21.0875000
20230607;10:15;21.1050000
20230607;10:45;21.0575000
20230607;11:15;21.0300000
20230607;12:00;21.0300000
20230607;12:30;21.0800000
20230607;12:45;21.0900000
20230607;13:00;21.0300000
20230607;13:15;21.0650000
20230607;13:30;21.0700000
20230607;13:45;21.0825000
20230607;14:00;21.0300000
20230607;14:30;21.0325000
20230607;15:15;21.0325000
20230607;15:30;21.1000000
20230607;15:45;21.0500000
20230607;16:00;21.1000000
20230607;17:00;21.0600000
20230607;17:15;21.0525000
20230607;17:30;21.0500000
20230607;17:45;21.2675000
20230607;18:15;21.1200000
20230607;18:45;21.0525000
